player_id,name,team_name,year,games,at_bats,plate_appearances,hits,doubles,triples,home_runs,rbi,walks,strikeouts,stolen_bases,BA,OBP,SLG,OPS,hits_per_game,HR_per_game,K_rate
542583,Jesús Aguilar,Oakland Athletics,2023,36,104,115,23,2,0,5,9,8,31,0,0.221,0.281,0.385,0.666,0.6388888888888888,0.1388888888888889,0.26956521739130435
669397,Nick Allen,Oakland Athletics,2023,106,303,329,67,4,2,4,20,17,52,5,0.221,0.263,0.287,0.55,0.6320754716981132,0.03773584905660377,0.1580547112462006
668709,JJ Bleday,Oakland Athletics,2023,82,256,303,50,11,0,10,27,42,72,5,0.195,0.31,0.355,0.665,0.6097560975609756,0.12195121951219512,0.2376237623762376
664913,Seth Brown,Oakland Athletics,2023,112,343,378,76,19,1,14,52,30,101,3,0.222,0.286,0.405,0.691,0.6785714285714286,0.125,0.2671957671957672
671732,Lawrence Butler,Oakland Athletics,2023,42,123,129,26,4,0,4,10,4,35,0,0.211,0.24,0.341,0.581,0.6190476190476191,0.09523809523809523,0.2713178294573643
649557,Aledmys Díaz,Oakland Athletics,2023,109,315,344,72,20,1,4,24,17,66,1,0.229,0.28,0.337,0.617,0.6605504587155964,0.03669724770642202,0.19186046511627908
672478,Jordan Diaz,Oakland Athletics,2023,90,272,293,60,9,0,10,27,17,69,0,0.221,0.273,0.364,0.637,0.6666666666666666,0.1111111111111111,0.2354948805460751
680869,Zack Gelof,Oakland Athletics,2023,69,270,300,72,20,1,14,32,26,82,14,0.267,0.337,0.504,0.841,1.0434782608695652,0.2028985507246377,0.2733333333333333
643393,Tony Kemp,Oakland Athletics,2023,124,359,419,75,13,3,5,27,44,40,15,0.209,0.303,0.304,0.607,0.6048387096774194,0.04032258064516129,0.0954653937947494
669127,Shea Langeliers,Oakland Athletics,2023,135,448,490,92,19,4,22,63,34,143,3,0.205,0.268,0.413,0.681,0.6814814814814815,0.16296296296296298,0.29183673469387755
657656,Ramón Laureano,Oakland Athletics,2023,64,225,246,48,10,3,6,21,17,73,8,0.213,0.28,0.364,0.644,0.75,0.09375,0.2967479674796748
657656,Ramón Laureano,Oakland Athletics,2023,41,136,158,33,8,1,3,14,16,41,4,0.243,0.342,0.382,0.724,0.8048780487804879,0.07317073170731707,0.25949367088607594
657656,Ramón Laureano,Oakland Athletics,2023,105,361,404,81,18,4,9,35,33,114,12,0.224,0.304,0.371,0.675,0.7714285714285715,0.08571428571428572,0.28217821782178215
676116,Ryan Noda,Oakland Athletics,2023,128,406,495,93,22,1,16,54,77,170,3,0.229,0.364,0.406,0.77,0.7265625,0.125,0.3434343434343434
542208,Carlos Pérez,Oakland Athletics,2023,68,168,189,38,4,0,6,20,13,40,0,0.226,0.293,0.357,0.65,0.5588235294117647,0.08823529411764706,0.21164021164021163
607054,Jace Peterson,Oakland Athletics,2023,93,281,324,62,7,2,6,28,36,77,11,0.221,0.313,0.324,0.637,0.6666666666666666,0.06451612903225806,0.23765432098765432
607054,Jace Peterson,Oakland Athletics,2023,134,374,430,79,10,4,6,37,47,101,15,0.211,0.304,0.307,0.611,0.5895522388059702,0.04477611940298507,0.23488372093023255
667670,Brent Rooker,Oakland Athletics,2023,137,463,526,114,20,1,30,69,49,172,4,0.246,0.329,0.488,0.817,0.8321167883211679,0.21897810218978103,0.3269961977186312
665923,Esteury Ruiz,Oakland Athletics,2023,132,449,497,114,24,1,5,47,20,99,67,0.254,0.309,0.345,0.654,0.8636363636363636,0.03787878787878788,0.19919517102615694
675656,Kevin Smith,Oakland Athletics,2023,49,135,146,25,4,0,5,11,5,51,1,0.185,0.22,0.326,0.546,0.5102040816326531,0.10204081632653061,0.3493150684931507
691016,Tyler Soderstrom,Oakland Athletics,2023,45,125,138,20,1,0,3,7,11,43,0,0.16,0.232,0.24,0.472,0.4444444444444444,0.06666666666666667,0.3115942028985507
678225,Ji Hwan Bae,Pittsburgh Pirates,2023,111,334,371,77,17,2,2,32,30,92,24,0.231,0.296,0.311,0.607,0.6936936936936937,0.018018018018018018,0.24797843665768193
666801,Rodolfo Castro,Pittsburgh Pirates,2023,78,197,224,45,7,0,6,22,21,62,1,0.228,0.317,0.355,0.672,0.5769230769230769,0.07692307692307693,0.2767857142857143
666801,Rodolfo Castro,Pittsburgh Pirates,2023,92,227,256,48,7,0,6,24,23,74,1,0.211,0.297,0.322,0.619,0.5217391304347826,0.06521739130434782,0.2890625
596847,Ji Man Choi,Pittsburgh Pirates,2023,39,104,117,17,5,0,6,13,10,35,0,0.163,0.239,0.385,0.624,0.4358974358974359,0.15384615384615385,0.29914529914529914
680779,Henry Davis,Pittsburgh Pirates,2023,62,225,255,48,10,0,7,24,25,69,3,0.213,0.302,0.351,0.653,0.7741935483870968,0.11290322580645161,0.27058823529411763
641511,Jason Delay,Pittsburgh Pirates,2023,70,167,187,42,11,1,1,18,14,44,0,0.251,0.319,0.347,0.666,0.6,0.014285714285714285,0.23529411764705882
693304,Nick Gonzales,Pittsburgh Pirates,2023,35,115,128,24,8,1,2,13,6,36,0,0.209,0.268,0.348,0.616,0.6857142857142857,0.05714285714285714,0.28125
663647,Ke'Bryan Hayes,Pittsburgh Pirates,2023,124,494,525,134,31,7,15,61,28,104,10,0.271,0.309,0.453,0.762,1.0806451612903225,0.12096774193548387,0.1980952380952381
595978,Austin Hedges,Pittsburgh Pirates,2023,65,161,187,29,5,0,1,14,11,39,1,0.18,0.237,0.23,0.467,0.4461538461538462,0.015384615384615385,0.20855614973262032
595978,Austin Hedges,Pittsburgh Pirates,2023,82,185,212,34,5,0,1,16,11,47,1,0.184,0.234,0.227,0.461,0.4146341463414634,0.012195121951219513,0.22169811320754718
656582,Connor Joe,Pittsburgh Pirates,2023,133,413,472,102,31,4,11,42,50,110,3,0.247,0.339,0.421,0.76,0.7669172932330827,0.08270676691729323,0.2330508474576271
672779,Tucupita Marcano,Pittsburgh Pirates,2023,75,202,220,47,12,2,3,18,10,35,5,0.233,0.276,0.356,0.632,0.6266666666666667,0.04,0.1590909090909091
457705,Andrew McCutchen,Pittsburgh Pirates,2023,112,390,473,100,19,0,12,43,75,100,11,0.256,0.378,0.397,0.775,0.8928571428571429,0.10714285714285714,0.21141649048625794
641943,Joshua Palacios,Pittsburgh Pirates,2023,91,247,264,59,9,2,10,40,12,56,5,0.239,0.279,0.413,0.692,0.6483516483516484,0.10989010989010989,0.21212121212121213
678894,Liover Peguero,Pittsburgh Pirates,2023,59,198,213,47,4,1,7,26,11,67,6,0.237,0.28,0.374,0.654,0.7966101694915254,0.11864406779661017,0.3145539906103286
668804,Bryan Reynolds,Pittsburgh Pirates,2023,145,574,640,151,31,5,24,84,53,138,12,0.263,0.33,0.46,0.79,1.0413793103448277,0.16551724137931034,0.215625
663845,Alfonso Rivas III,Pittsburgh Pirates,2023,48,109,123,25,10,1,3,15,9,36,1,0.229,0.303,0.422,0.725,0.5208333333333334,0.0625,0.2926829268292683
682848,Endy Rodríguez,Pittsburgh Pirates,2023,57,186,204,41,7,2,3,13,17,49,0,0.22,0.284,0.328,0.612,0.7192982456140351,0.05263157894736842,0.24019607843137256
467793,Carlos Santana,Pittsburgh Pirates,2023,94,345,393,81,25,0,12,53,45,69,6,0.235,0.321,0.412,0.733,0.8617021276595744,0.1276595744680851,0.17557251908396945
467793,Carlos Santana,Pittsburgh Pirates,2023,52,205,226,51,8,1,11,33,20,35,0,0.249,0.314,0.459,0.773,0.9807692307692307,0.21153846153846154,0.15486725663716813
467793,Carlos Santana,Pittsburgh Pirates,2023,146,550,619,132,33,1,23,86,65,104,6,0.24,0.318,0.429,0.747,0.9041095890410958,0.15753424657534246,0.1680129240710824
669261,Jack Suwinski,Pittsburgh Pirates,2023,144,447,534,100,21,2,26,74,75,172,13,0.224,0.339,0.454,0.793,0.6944444444444444,0.18055555555555555,0.32209737827715357
669707,Jared Triolo,Pittsburgh Pirates,2023,54,181,209,54,9,0,3,21,24,63,6,0.298,0.388,0.398,0.786,1.0,0.05555555555555555,0.3014354066985646
675961,Alika Williams,Pittsburgh Pirates,2023,46,101,112,20,5,0,0,6,9,35,0,0.198,0.27,0.248,0.518,0.43478260869565216,0.0,0.3125
676946,Matthew Batten,San Diego Padres,2023,43,120,139,31,6,0,2,11,17,30,2,0.258,0.355,0.358,0.713,0.7209302325581395,0.046511627906976744,0.2158273381294964
593428,Xander Bogaerts,San Diego Padres,2023,155,596,665,170,31,2,19,58,56,110,19,0.285,0.35,0.44,0.79,1.096774193548387,0.12258064516129032,0.16541353383458646
669134,Luis Campusano,San Diego Padres,2023,49,163,174,52,7,0,7,30,7,21,0,0.319,0.356,0.491,0.847,1.0612244897959184,0.14285714285714285,0.1206896551724138
572761,Matt Carpenter,San Diego Padres,2023,76,188,237,33,12,0,5,31,41,67,1,0.176,0.322,0.319,0.641,0.4342105263157895,0.06578947368421052,0.28270042194092826
643265,Garrett Cooper,San Diego Padres,2023,82,305,324,78,11,1,13,46,17,97,0,0.256,0.296,0.426,0.722,0.9512195121951219,0.15853658536585366,0.2993827160493827
643265,Garrett Cooper,San Diego Padres,2023,41,117,133,28,7,0,4,15,14,35,0,0.239,0.323,0.402,0.725,0.6829268292682927,0.0975609756097561,0.2631578947368421
643265,Garrett Cooper,San Diego Padres,2023,123,422,457,106,18,1,17,61,31,132,0,0.251,0.304,0.419,0.723,0.8617886178861789,0.13821138211382114,0.2888402625820569
630105,Jake Cronenworth,San Diego Padres,2023,127,458,522,105,24,7,10,48,46,97,6,0.229,0.312,0.378,0.69,0.8267716535433071,0.07874015748031496,0.18582375478927204
443558,Nelson Cruz,San Diego Padres,2023,49,143,152,35,5,1,5,23,6,46,1,0.245,0.283,0.399,0.682,0.7142857142857143,0.10204081632653061,0.3026315789473684
663757,Trent Grisham,San Diego Padres,2023,153,469,555,93,31,1,13,50,75,154,15,0.198,0.315,0.352,0.667,0.6078431372549019,0.08496732026143791,0.2774774774774775
673490,Ha-Seong Kim,San Diego Padres,2023,152,538,626,140,23,0,17,60,75,124,38,0.26,0.351,0.398,0.749,0.9210526315789473,0.1118421052631579,0.19808306709265175
592518,Manny Machado,San Diego Padres,2023,138,543,601,140,21,0,30,91,50,109,3,0.258,0.319,0.462,0.781,1.0144927536231885,0.21739130434782608,0.18136439267886856
543592,Austin Nola,San Diego Padres,2023,52,130,154,19,3,0,1,8,18,31,0,0.146,0.26,0.192,0.452,0.36538461538461536,0.019230769230769232,0.2012987012987013
596059,Rougned Odor,San Diego Padres,2023,59,138,157,28,9,0,4,18,17,37,2,0.203,0.299,0.355,0.654,0.4745762711864407,0.06779661016949153,0.2356687898089172
595777,Jurickson Profar,San Diego Padres,2023,111,415,472,98,25,2,8,39,45,86,1,0.236,0.316,0.364,0.68,0.8828828828828829,0.07207207207207207,0.18220338983050846
595777,Jurickson Profar,San Diego Padres,2023,125,459,521,111,27,2,9,46,50,90,1,0.242,0.321,0.368,0.689,0.888,0.072,0.1727447216890595
596142,Gary Sánchez,San Diego Padres,2023,72,234,260,51,9,0,19,46,21,64,0,0.218,0.292,0.5,0.792,0.7083333333333334,0.2638888888888889,0.24615384615384617
596142,Gary Sánchez,San Diego Padres,2023,75,240,267,52,9,0,19,47,21,67,0,0.217,0.288,0.492,0.78,0.6933333333333334,0.25333333333333335,0.250936329588015
665742,Juan Soto,San Diego Padres,2023,162,568,708,156,32,1,35,109,132,129,12,0.275,0.41,0.519,0.929,0.9629629629629629,0.21604938271604937,0.18220338983050846
665487,Fernando Tatis Jr.,San Diego Padres,2023,141,575,635,148,33,1,25,78,53,141,29,0.257,0.322,0.449,0.771,1.049645390070922,0.1773049645390071,0.2220472440944882
676609,José Caballero,Seattle Mariners,2023,104,231,280,51,9,1,4,26,28,66,26,0.221,0.343,0.32,0.663,0.49038461538461536,0.038461538461538464,0.2357142857142857
686527,Dominic Canzone,Seattle Mariners,2023,44,135,141,29,11,0,5,13,6,24,1,0.215,0.248,0.407,0.655,0.6590909090909091,0.11363636363636363,0.1702127659574468
686527,Dominic Canzone,Seattle Mariners,2023,59,173,182,38,13,0,6,21,8,32,1,0.22,0.258,0.399,0.657,0.6440677966101694,0.1016949152542373,0.17582417582417584
641487,J.P. Crawford,Seattle Mariners,2023,145,534,638,142,35,0,19,65,94,125,2,0.266,0.38,0.438,0.818,0.9793103448275862,0.1310344827586207,0.19592476489028213
645801,Mike Ford,Seattle Mariners,2023,84,219,251,50,6,0,16,34,24,81,0,0.228,0.323,0.475,0.798,0.5952380952380952,0.19047619047619047,0.32270916334661354
664034,Ty France,Seattle Mariners,2023,158,587,665,147,32,0,12,58,43,117,1,0.25,0.337,0.366,0.703,0.930379746835443,0.0759493670886076,0.17593984962406015
606192,Teoscar Hernández,Seattle Mariners,2023,160,625,678,161,29,2,26,93,38,211,7,0.258,0.305,0.435,0.74,1.00625,0.1625,0.3112094395280236
672284,Jarred Kelenic,Seattle Mariners,2023,105,372,416,94,25,2,11,49,41,132,13,0.253,0.327,0.419,0.746,0.8952380952380953,0.10476190476190476,0.3173076923076923
664238,Dylan Moore,Seattle Mariners,2023,67,145,165,30,9,1,7,19,16,56,7,0.207,0.303,0.428,0.731,0.44776119402985076,0.1044776119402985,0.3393939393939394
608596,Tom Murphy,Seattle Mariners,2023,47,145,159,42,12,0,8,17,10,44,0,0.29,0.335,0.538,0.873,0.8936170212765957,0.1702127659574468,0.27672955974842767
572041,AJ Pollock,Seattle Mariners,2023,49,127,138,22,4,0,5,15,9,30,0,0.173,0.225,0.323,0.548,0.4489795918367347,0.10204081632653061,0.21739130434782608
572041,AJ Pollock,Seattle Mariners,2023,54,133,144,22,4,0,5,15,9,32,0,0.165,0.215,0.308,0.523,0.4074074074074074,0.09259259259259259,0.2222222222222222
663728,Cal Raleigh,Seattle Mariners,2023,145,513,569,119,23,1,30,75,54,158,0,0.232,0.306,0.456,0.762,0.8206896551724138,0.20689655172413793,0.27768014059753954
677594,Julio Rodríguez,Seattle Mariners,2023,155,654,714,180,37,2,32,103,47,175,37,0.275,0.333,0.485,0.818,1.1612903225806452,0.2064516129032258,0.24509803921568626
668942,Josh Rojas,Seattle Mariners,2023,59,189,216,43,13,0,0,26,18,51,6,0.228,0.292,0.296,0.588,0.7288135593220338,0.0,0.2361111111111111
668942,Josh Rojas,Seattle Mariners,2023,46,125,134,34,4,0,4,14,9,30,6,0.272,0.321,0.4,0.721,0.7391304347826086,0.08695652173913043,0.22388059701492538
668942,Josh Rojas,Seattle Mariners,2023,105,314,350,77,17,0,4,40,27,81,12,0.245,0.303,0.338,0.641,0.7333333333333333,0.0380952380952381,0.23142857142857143
553993,Eugenio Suárez,Seattle Mariners,2023,162,598,694,139,29,0,22,96,70,214,2,0.232,0.323,0.391,0.714,0.8580246913580247,0.13580246913580246,0.30835734870317005
543939,Kolten Wong,Seattle Mariners,2023,67,194,216,32,6,0,2,19,16,46,1,0.165,0.241,0.227,0.468,0.47761194029850745,0.029850746268656716,0.21296296296296297
543939,Kolten Wong,Seattle Mariners,2023,87,224,250,41,6,0,4,27,18,53,3,0.183,0.256,0.263,0.519,0.47126436781609193,0.04597701149425287,0.212
672275,Patrick Bailey,San Francisco Giants,2023,97,326,353,76,18,1,7,48,21,100,1,0.233,0.285,0.359,0.644,0.7835051546391752,0.07216494845360824,0.28328611898017
624424,Michael Conforto,San Francisco Giants,2023,125,406,470,97,14,0,15,58,53,106,4,0.239,0.334,0.384,0.718,0.776,0.12,0.225531914893617
543063,Brandon Crawford,San Francisco Giants,2023,94,283,320,55,11,1,7,38,28,81,3,0.194,0.273,0.314,0.587,0.5851063829787234,0.07446808510638298,0.253125
605204,J.D. Davis,San Francisco Giants,2023,144,480,546,119,23,1,18,69,52,152,1,0.248,0.325,0.413,0.738,0.8263888888888888,0.125,0.2783882783882784
657557,Paul DeJong,San Francisco Giants,2023,81,279,306,65,11,0,13,32,21,87,4,0.233,0.297,0.412,0.709,0.8024691358024691,0.16049382716049382,0.28431372549019607
657557,Paul DeJong,San Francisco Giants,2023,112,372,400,77,13,0,14,38,21,121,4,0.207,0.258,0.355,0.613,0.6875,0.125,0.3025
642731,Thairo Estrada,San Francisco Giants,2023,120,495,530,134,26,2,14,49,22,120,23,0.271,0.315,0.416,0.731,1.1166666666666667,0.11666666666666667,0.22641509433962265
527038,Wilmer Flores,San Francisco Giants,2023,126,405,454,115,22,0,23,60,41,63,0,0.284,0.355,0.509,0.864,0.9126984126984127,0.18253968253968253,0.13876651982378854
571745,Mitch Haniger,San Francisco Giants,2023,61,211,229,44,13,1,6,28,15,65,1,0.209,0.266,0.365,0.631,0.7213114754098361,0.09836065573770492,0.2838427947598253
682641,Luis Matos,San Francisco Giants,2023,76,228,253,57,13,1,2,14,20,33,3,0.25,0.319,0.342,0.661,0.75,0.02631578947368421,0.13043478260869565
592626,Joc Pederson,San Francisco Giants,2023,121,358,425,84,14,3,15,51,57,89,0,0.235,0.348,0.416,0.764,0.6942148760330579,0.12396694214876033,0.20941176470588235
666165,Blake Sabol,San Francisco Giants,2023,110,310,344,73,10,0,13,44,24,117,4,0.235,0.301,0.394,0.695,0.6636363636363637,0.11818181818181818,0.34011627906976744
669477,Casey Schmitt,San Francisco Giants,2023,90,253,277,52,15,0,5,30,13,65,2,0.206,0.255,0.324,0.579,0.5777777777777777,0.05555555555555555,0.23465703971119134
596103,Austin Slater,San Francisco Giants,2023,89,185,207,50,9,0,5,20,20,58,2,0.27,0.348,0.4,0.748,0.5617977528089888,0.056179775280898875,0.28019323671497587
681584,David Villar,San Francisco Giants,2023,46,124,140,18,6,0,5,12,11,45,1,0.145,0.236,0.315,0.551,0.391304347826087,0.10869565217391304,0.32142857142857145
664774,LaMonte Wade Jr.,San Francisco Giants,2023,135,429,519,110,14,2,17,45,76,95,2,0.256,0.373,0.417,0.79,0.8148148148148148,0.1259259259259259,0.18304431599229287
689172,Brett Wisely,San Francisco Giants,2023,51,120,131,21,5,0,2,8,9,40,2,0.175,0.231,0.267,0.498,0.4117647058823529,0.0392156862745098,0.3053435114503817
642851,Austin Wynns,San Francisco Giants,2023,45,117,131,25,5,0,1,8,8,32,1,0.214,0.273,0.282,0.555,0.5555555555555556,0.022222222222222223,0.24427480916030533
642851,Austin Wynns,San Francisco Giants,2023,51,130,145,27,6,0,1,10,9,39,1,0.208,0.268,0.277,0.545,0.5294117647058824,0.0196078431372549,0.2689655172413793
573262,Mike Yastrzemski,San Francisco Giants,2023,106,330,381,77,23,1,15,43,45,99,2,0.233,0.33,0.445,0.775,0.7264150943396226,0.14150943396226415,0.25984251968503935
571448,Nolan Arenado,St. Louis Cardinals,2023,144,560,612,149,26,2,26,93,41,101,3,0.266,0.315,0.459,0.774,1.0347222222222223,0.18055555555555555,0.1650326797385621
676475,Alec Burleson,St. Louis Cardinals,2023,107,315,347,77,20,1,8,36,23,45,3,0.244,0.3,0.39,0.69,0.719626168224299,0.07476635514018691,0.12968299711815562
666185,Dylan Carlson,St. Louis Cardinals,2023,76,219,255,48,8,1,5,27,26,49,3,0.219,0.318,0.333,0.651,0.631578947368421,0.06578947368421052,0.19215686274509805
575929,Willson Contreras,St. Louis Cardinals,2023,125,428,495,113,27,0,20,67,51,111,6,0.264,0.358,0.467,0.825,0.904,0.16,0.22424242424242424
680977,Brendan Donovan,St. Louis Cardinals,2023,95,327,371,93,10,1,11,34,33,53,5,0.284,0.365,0.422,0.787,0.9789473684210527,0.11578947368421053,0.14285714285714285
669242,Tommy Edman,St. Louis Cardinals,2023,137,479,528,119,25,4,13,47,35,84,27,0.248,0.307,0.399,0.706,0.8686131386861314,0.0948905109489051,0.1590909090909091
502671,Paul Goldschmidt,St. Louis Cardinals,2023,154,593,687,159,31,0,25,80,87,161,11,0.268,0.363,0.447,0.81,1.0324675324675325,0.16233766233766234,0.23435225618631733
669357,Nolan Gorman,St. Louis Cardinals,2023,119,406,464,96,17,0,27,76,53,148,7,0.236,0.328,0.478,0.806,0.8067226890756303,0.226890756302521,0.31896551724137934
668800,Andrew Knizner,St. Louis Cardinals,2023,70,224,241,54,11,0,10,31,12,62,2,0.241,0.288,0.424,0.712,0.7714285714285715,0.14285714285714285,0.2572614107883817
663457,Lars Nootbaar,St. Louis Cardinals,2023,117,426,503,111,23,1,14,46,72,99,11,0.261,0.367,0.418,0.785,0.9487179487179487,0.11965811965811966,0.19681908548707752
641933,Tyler O'Neill,St. Louis Cardinals,2023,72,238,266,55,14,0,9,21,28,67,5,0.231,0.312,0.403,0.715,0.7638888888888888,0.125,0.2518796992481203
691023,Jordan Walker,St. Louis Cardinals,2023,117,420,465,116,19,2,16,51,37,104,7,0.276,0.342,0.445,0.787,0.9914529914529915,0.13675213675213677,0.22365591397849463
691026,Masyn Winn,St. Louis Cardinals,2023,37,122,137,21,2,0,2,12,10,26,2,0.172,0.23,0.238,0.468,0.5675675675675675,0.05405405405405406,0.1897810218978102
668227,Randy Arozarena,Tampa Bay Rays,2023,151,551,654,140,19,3,23,83,80,156,22,0.254,0.364,0.425,0.789,0.9271523178807947,0.152317880794702,0.23853211009174313
542194,Christian Bethancourt,Tampa Bay Rays,2023,104,315,332,71,16,0,11,33,13,91,1,0.225,0.254,0.381,0.635,0.6826923076923077,0.10576923076923077,0.2740963855421687
650490,Yandy Díaz,Tampa Bay Rays,2023,137,525,600,173,35,0,22,78,65,94,0,0.33,0.41,0.522,0.932,1.2627737226277371,0.16058394160583941,0.15666666666666668
677551,Wander Franco,Tampa Bay Rays,2023,112,442,491,124,23,6,17,58,42,69,30,0.281,0.344,0.475,0.819,1.1071428571428572,0.15178571428571427,0.14052953156822812
664040,Brandon Lowe,Tampa Bay Rays,2023,109,377,436,87,15,1,21,68,50,119,7,0.231,0.328,0.443,0.771,0.7981651376146789,0.1926605504587156,0.27293577981651373
666139,Josh Lowe,Tampa Bay Rays,2023,135,466,501,136,33,2,20,83,31,124,32,0.292,0.335,0.5,0.835,1.0074074074074073,0.14814814814814814,0.24750499001996007
622534,Manuel Margot,Tampa Bay Rays,2023,99,311,336,82,21,1,4,38,18,55,9,0.264,0.31,0.376,0.686,0.8282828282828283,0.04040404040404041,0.1636904761904762
642336,Francisco Mejía,Tampa Bay Rays,2023,50,150,160,34,11,0,5,19,6,38,0,0.227,0.258,0.4,0.658,0.68,0.1,0.2375
670623,Isaac Paredes,Tampa Bay Rays,2023,143,492,571,123,24,0,31,98,58,104,1,0.25,0.352,0.488,0.84,0.8601398601398601,0.21678321678321677,0.18213660245183888
650907,René Pinto,Tampa Bay Rays,2023,39,103,105,26,3,0,6,16,2,34,0,0.252,0.267,0.456,0.723,0.6666666666666666,0.15384615384615385,0.3238095238095238
670042,Luke Raley,Tampa Bay Rays,2023,118,357,406,89,23,3,19,49,28,128,14,0.249,0.333,0.49,0.823,0.7542372881355932,0.16101694915254236,0.31527093596059114
623912,Harold Ramírez,Tampa Bay Rays,2023,122,400,434,125,19,2,12,68,22,79,5,0.313,0.353,0.46,0.813,1.0245901639344261,0.09836065573770492,0.18202764976958524
642350,Jose Siri,Tampa Bay Rays,2023,101,338,364,75,13,2,25,56,20,130,12,0.222,0.267,0.494,0.761,0.7425742574257426,0.24752475247524752,0.35714285714285715
606132,Raimel Tapia,Tampa Bay Rays,2023,64,148,169,35,4,1,3,13,17,40,10,0.236,0.317,0.338,0.655,0.546875,0.046875,0.23668639053254437
670764,Taylor Walls,Tampa Bay Rays,2023,99,303,349,61,12,2,8,36,44,92,22,0.201,0.305,0.333,0.638,0.6161616161616161,0.08080808080808081,0.2636103151862464
677649,Ezequiel Duran,Texas Rangers,2023,122,406,439,112,22,2,14,46,23,120,8,0.276,0.324,0.443,0.767,0.9180327868852459,0.11475409836065574,0.2733485193621868
666969,Adolis García,Texas Rangers,2023,148,555,632,136,29,0,39,107,65,175,9,0.245,0.328,0.508,0.836,0.918918918918919,0.2635135135135135,0.27689873417721517
641598,Mitch Garver,Texas Rangers,2023,87,296,344,80,11,0,19,50,44,82,0,0.27,0.37,0.5,0.87,0.9195402298850575,0.21839080459770116,0.23837209302325582
543257,Robbie Grossman,Texas Rangers,2023,115,353,420,84,23,1,10,49,57,98,1,0.238,0.34,0.394,0.734,0.7304347826086957,0.08695652173913043,0.23333333333333334
641680,Jonah Heim,Texas Rangers,2023,131,457,501,118,28,0,18,95,40,96,2,0.258,0.317,0.438,0.755,0.9007633587786259,0.13740458015267176,0.19161676646706588
608671,Travis Jankowski,Texas Rangers,2023,107,247,287,65,12,1,1,30,35,42,19,0.263,0.357,0.332,0.689,0.6074766355140186,0.009345794392523364,0.14634146341463414
673962,Josh Jung,Texas Rangers,2023,122,478,515,127,25,1,23,70,30,151,1,0.266,0.315,0.467,0.782,1.040983606557377,0.1885245901639344,0.29320388349514565
663993,Nathaniel Lowe,Texas Rangers,2023,161,623,724,163,38,3,17,82,93,165,1,0.262,0.36,0.414,0.774,1.0124223602484472,0.10559006211180125,0.22790055248618785
608369,Corey Seager,Texas Rangers,2023,119,477,536,156,42,0,33,96,49,88,2,0.327,0.39,0.623,10.013,1.3109243697478992,0.2773109243697479,0.16417910447761194
543760,Marcus Semien,Texas Rangers,2023,162,670,753,185,40,4,29,100,72,110,14,0.276,0.348,0.478,0.826,1.1419753086419753,0.17901234567901234,0.1460823373173971
669701,Josh Smith,Texas Rangers,2023,90,195,232,36,8,1,6,15,25,55,1,0.185,0.304,0.328,0.632,0.4,0.06666666666666667,0.23706896551724138
665750,Leody Taveras,Texas Rangers,2023,143,511,554,136,31,3,14,67,35,117,14,0.266,0.312,0.421,0.733,0.951048951048951,0.0979020979020979,0.2111913357400722
474832,Brandon Belt,Toronto Blue Jays,2023,103,339,404,86,23,0,19,43,61,141,0,0.254,0.369,0.49,0.859,0.8349514563106796,0.18446601941747573,0.349009900990099
666182,Bo Bichette,Toronto Blue Jays,2023,135,571,601,175,30,3,20,73,27,115,5,0.306,0.339,0.475,0.814,1.2962962962962963,0.14814814814814814,0.1913477537437604
624415,Cavan Biggio,Toronto Blue Jays,2023,111,289,338,68,12,0,9,40,40,88,5,0.235,0.34,0.37,0.71,0.6126126126126126,0.08108108108108109,0.2603550295857988
656305,Matt Chapman,Toronto Blue Jays,2023,140,509,581,122,39,2,17,54,62,165,4,0.24,0.33,0.424,0.754,0.8714285714285714,0.12142857142857143,0.28399311531841653
669289,Santiago Espinal,Toronto Blue Jays,2023,93,230,254,57,14,0,2,25,18,36,2,0.248,0.31,0.335,0.645,0.6129032258064516,0.021505376344086023,0.14173228346456693
665489,Vladimir Guerrero Jr.,Toronto Blue Jays,2023,156,602,682,159,30,0,26,94,67,100,5,0.264,0.345,0.444,0.789,1.0192307692307692,0.16666666666666666,0.1466275659824047
643376,Danny Jansen,Toronto Blue Jays,2023,86,268,301,61,15,0,17,53,23,62,0,0.228,0.312,0.474,0.786,0.7093023255813954,0.19767441860465115,0.2059800664451827
595281,Kevin Kiermaier,Toronto Blue Jays,2023,129,370,408,98,21,6,8,36,29,86,14,0.265,0.322,0.419,0.741,0.7596899224806202,0.06201550387596899,0.2107843137254902
672386,Alejandro Kirk,Toronto Blue Jays,2023,123,372,422,93,16,0,8,43,42,45,0,0.25,0.334,0.358,0.692,0.7560975609756098,0.06504065040650407,0.1066350710900474
593160,Whit Merrifield,Toronto Blue Jays,2023,145,547,592,149,27,0,11,67,36,101,26,0.272,0.318,0.382,0.7,1.0275862068965518,0.07586206896551724,0.17060810810810811
676914,Davis Schneider,Toronto Blue Jays,2023,35,116,141,32,12,1,8,20,21,43,1,0.276,0.404,0.603,10.007,0.9142857142857143,0.22857142857142856,0.3049645390070922
543807,George Springer,Toronto Blue Jays,2023,154,613,683,158,25,1,21,72,60,125,20,0.258,0.327,0.405,0.732,1.025974025974026,0.13636363636363635,0.18301610541727673
662139,Daulton Varsho,Toronto Blue Jays,2023,158,527,581,116,23,3,20,61,45,135,16,0.22,0.285,0.389,0.674,0.7341772151898734,0.12658227848101267,0.23235800344234078
621439,Byron Buxton,Minnesota Twins,2023,85,304,347,63,17,1,17,42,35,109,9,0.207,0.294,0.438,0.732,0.7411764705882353,0.2,0.31412103746397696
650489,Willi Castro,Minnesota Twins,2023,124,358,409,92,18,5,9,34,34,99,33,0.257,0.339,0.411,0.75,0.7419354838709677,0.07258064516129033,0.24205378973105135
621043,Carlos Correa,Minnesota Twins,2023,135,514,580,118,29,2,18,65,59,131,0,0.23,0.312,0.399,0.711,0.8740740740740741,0.13333333333333333,0.22586206896551725
571657,Kyle Farmer,Minnesota Twins,2023,120,336,369,86,14,2,11,46,23,86,2,0.256,0.317,0.408,0.725,0.7166666666666667,0.09166666666666666,0.23306233062330622
608336,Joey Gallo,Minnesota Twins,2023,111,282,332,50,9,1,21,40,48,142,1,0.177,0.301,0.44,0.741,0.45045045045045046,0.1891891891891892,0.42771084337349397
680777,Ryan Jeffers,Minnesota Twins,2023,96,286,335,79,15,2,14,43,33,93,3,0.276,0.369,0.49,0.859,0.8229166666666666,0.14583333333333334,0.27761194029850744
666397,Edouard Julien,Minnesota Twins,2023,109,338,408,89,16,1,16,37,64,128,3,0.263,0.381,0.459,0.84,0.8165137614678899,0.14678899082568808,0.3137254901960784
596146,Max Kepler,Minnesota Twins,2023,130,438,491,114,22,2,24,66,45,106,1,0.26,0.332,0.484,0.816,0.8769230769230769,0.18461538461538463,0.2158859470468432
666135,Alex Kirilloff,Minnesota Twins,2023,88,281,319,76,14,1,11,41,28,80,1,0.27,0.348,0.445,0.793,0.8636363636363636,0.125,0.2507836990595611
663616,Trevor Larnach,Minnesota Twins,2023,58,183,212,39,7,3,8,40,27,72,1,0.213,0.311,0.415,0.726,0.6724137931034483,0.13793103448275862,0.33962264150943394
668904,Royce Lewis,Minnesota Twins,2023,58,217,239,67,7,0,15,52,20,55,6,0.309,0.372,0.548,0.92,1.1551724137931034,0.25862068965517243,0.2301255230125523
669304,Jose Miranda,Minnesota Twins,2023,40,142,152,30,4,0,3,13,9,24,0,0.211,0.263,0.303,0.566,0.75,0.075,0.15789473684210525
593871,Jorge Polanco,Minnesota Twins,2023,80,302,343,77,18,0,14,48,36,88,4,0.255,0.335,0.454,0.789,0.9625,0.175,0.2565597667638484
456781,Donovan Solano,Minnesota Twins,2023,134,394,450,111,26,1,5,38,40,100,0,0.282,0.369,0.391,0.76,0.8283582089552238,0.03731343283582089,0.2222222222222222
572191,Michael A. Taylor,Minnesota Twins,2023,129,355,388,78,14,1,21,51,26,130,13,0.22,0.278,0.442,0.72,0.6046511627906976,0.16279069767441862,0.33505154639175255
543877,Christian Vázquez,Minnesota Twins,2023,102,327,355,73,13,0,6,32,25,82,1,0.223,0.28,0.318,0.598,0.7156862745098039,0.058823529411764705,0.23098591549295774
670242,Matt Wallner,Minnesota Twins,2023,76,213,254,53,11,1,14,41,28,80,2,0.249,0.37,0.507,0.877,0.6973684210526315,0.18421052631578946,0.31496062992125984
664761,Alec Bohm,Philadelphia Phillies,2023,145,558,611,153,31,0,20,97,42,94,4,0.274,0.327,0.437,0.764,1.0551724137931036,0.13793103448275862,0.15384615384615385
592206,Nick Castellanos,Philadelphia Phillies,2023,157,626,671,170,37,2,29,106,36,185,11,0.272,0.311,0.476,0.787,1.0828025477707006,0.18471337579617833,0.2757078986587183
595909,Jake Cave,Philadelphia Phillies,2023,65,184,203,39,8,1,5,21,15,55,3,0.212,0.272,0.348,0.62,0.6,0.07692307692307693,0.270935960591133
665019,Kody Clemens,Philadelphia Phillies,2023,49,139,148,32,7,0,4,13,8,40,0,0.23,0.277,0.367,0.644,0.6530612244897959,0.08163265306122448,0.2702702702702703
547180,Bryce Harper,Philadelphia Phillies,2023,126,457,546,134,29,1,21,72,80,119,11,0.293,0.401,0.499,0.9,1.0634920634920635,0.16666666666666666,0.21794871794871795
543281,Josh Harrison,Philadelphia Phillies,2023,41,103,114,21,3,0,2,10,3,20,0,0.204,0.263,0.291,0.554,0.5121951219512195,0.04878048780487805,0.17543859649122806
669016,Brandon Marsh,Philadelphia Phillies,2023,133,404,472,112,25,6,12,60,59,144,10,0.277,0.372,0.458,0.83,0.8421052631578947,0.09022556390977443,0.3050847457627119
592663,J.T. Realmuto,Philadelphia Phillies,2023,135,489,540,123,28,5,20,63,35,138,16,0.252,0.31,0.452,0.762,0.9111111111111111,0.14814814814814814,0.25555555555555554
679032,Johan Rojas,Philadelphia Phillies,2023,59,149,164,45,9,2,2,23,5,42,14,0.302,0.342,0.43,0.772,0.7627118644067796,0.03389830508474576,0.25609756097560976
656941,Kyle Schwarber,Philadelphia Phillies,2023,160,585,720,115,19,1,47,104,126,215,0,0.197,0.343,0.474,0.817,0.71875,0.29375,0.2986111111111111
624641,Edmundo Sosa,Philadelphia Phillies,2023,104,279,300,70,15,2,10,30,8,74,4,0.251,0.293,0.427,0.72,0.6730769230769231,0.09615384615384616,0.24666666666666667
681082,Bryson Stott,Philadelphia Phillies,2023,151,585,640,164,32,2,15,62,39,100,31,0.28,0.329,0.419,0.748,1.086092715231788,0.09933774834437085,0.15625
596117,Garrett Stubbs,Philadelphia Phillies,2023,41,113,125,23,4,1,1,12,9,29,2,0.204,0.274,0.283,0.557,0.5609756097560976,0.024390243902439025,0.232
607208,Trea Turner,Philadelphia Phillies,2023,155,639,691,170,35,5,26,76,45,150,30,0.266,0.32,0.459,0.779,1.096774193548387,0.16774193548387098,0.2170767004341534
660670,Ronald Acuña Jr.,Atlanta Braves,2023,159,643,735,217,35,4,41,106,80,84,73,0.337,0.416,0.596,10.012,1.3647798742138364,0.2578616352201258,0.11428571428571428
645277,Ozzie Albies,Atlanta Braves,2023,148,596,660,167,30,5,33,109,46,107,13,0.28,0.336,0.513,0.849,1.1283783783783783,0.22297297297297297,0.1621212121212121
606115,Orlando Arcia,Atlanta Braves,2023,139,488,533,129,25,0,17,65,39,102,1,0.264,0.321,0.42,0.741,0.9280575539568345,0.1223021582733813,0.19136960600375236
671739,Michael Harris II,Atlanta Braves,2023,138,505,539,148,33,3,18,57,25,101,20,0.293,0.331,0.477,0.808,1.0724637681159421,0.13043478260869565,0.18738404452690166
670032,Nicky Lopez,Atlanta Braves,2023,68,160,190,34,5,3,0,13,21,30,4,0.213,0.323,0.281,0.604,0.5,0.0,0.15789473684210525
670032,Nicky Lopez,Atlanta Braves,2023,94,225,262,52,8,3,1,25,26,40,6,0.231,0.326,0.307,0.633,0.5531914893617021,0.010638297872340425,0.15267175572519084
669221,Sean Murphy,Atlanta Braves,2023,108,370,438,93,21,0,21,68,49,98,0,0.251,0.365,0.478,0.843,0.8611111111111112,0.19444444444444445,0.2237442922374429
621566,Matt Olson,Atlanta Braves,2023,162,608,720,172,27,3,54,139,104,167,1,0.283,0.389,0.604,0.993,1.0617283950617284,0.3333333333333333,0.23194444444444445
542303,Marcell Ozuna,Atlanta Braves,2023,144,530,592,145,29,1,40,100,57,134,0,0.274,0.346,0.558,0.904,1.0069444444444444,0.2777777777777778,0.22635135135135134
607680,Kevin Pillar,Atlanta Braves,2023,81,197,206,45,10,0,9,32,6,50,4,0.228,0.248,0.416,0.664,0.5555555555555556,0.1111111111111111,0.24271844660194175
663586,Austin Riley,Atlanta Braves,2023,159,636,715,179,32,3,37,97,59,172,3,0.281,0.345,0.516,0.861,1.1257861635220126,0.23270440251572327,0.24055944055944056
592696,Eddie Rosario,Atlanta Braves,2023,142,478,516,122,24,3,21,74,34,122,3,0.255,0.305,0.45,0.755,0.8591549295774648,0.14788732394366197,0.2364341085271318
518595,Travis d'Arnaud,Atlanta Braves,2023,74,267,292,60,13,0,11,39,21,67,0,0.225,0.288,0.397,0.685,0.8108108108108109,0.14864864864864866,0.22945205479452055
641313,Tim Anderson,Chicago White Sox,2023,123,493,524,121,18,2,1,25,26,122,13,0.245,0.286,0.296,0.582,0.983739837398374,0.008130081300813009,0.23282442748091603
462101,Elvis Andrus,Chicago White Sox,2023,112,374,406,94,20,1,6,44,25,71,12,0.251,0.304,0.358,0.662,0.8392857142857143,0.05357142857142857,0.1748768472906404
643217,Andrew Benintendi,Chicago White Sox,2023,151,562,621,147,34,2,5,45,52,89,13,0.262,0.326,0.356,0.682,0.9735099337748344,0.033112582781456956,0.143317230273752
669394,Jake Burger,Chicago White Sox,2023,88,294,323,63,15,1,25,52,22,102,1,0.214,0.279,0.527,0.806,0.7159090909090909,0.2840909090909091,0.3157894736842105
669394,Jake Burger,Chicago White Sox,2023,53,198,217,60,13,0,9,28,10,47,0,0.303,0.355,0.505,0.86,1.1320754716981132,0.16981132075471697,0.21658986175115208
669394,Jake Burger,Chicago White Sox,2023,141,492,540,123,28,1,34,80,32,149,1,0.25,0.309,0.518,0.827,0.8723404255319149,0.24113475177304963,0.2759259259259259
693049,Oscar Colás,Chicago White Sox,2023,75,245,263,53,9,0,5,19,12,71,4,0.216,0.257,0.314,0.571,0.7066666666666667,0.06666666666666667,0.26996197718631176
518735,Yasmani Grandal,Chicago White Sox,2023,118,363,405,85,14,0,8,33,36,86,0,0.234,0.309,0.339,0.648,0.7203389830508474,0.06779661016949153,0.2123456790123457
650391,Eloy Jiménez,Chicago White Sox,2023,120,456,489,124,23,0,18,64,30,93,0,0.272,0.317,0.441,0.758,1.0333333333333334,0.15,0.1901840490797546
660162,Yoán Moncada,Chicago White Sox,2023,92,334,357,87,20,1,11,40,20,107,1,0.26,0.305,0.425,0.73,0.9456521739130435,0.11956521739130435,0.29971988795518206
621545,Zach Remillard,Chicago White Sox,2023,54,147,160,37,7,0,1,18,8,48,4,0.252,0.295,0.32,0.615,0.6851851851851852,0.018518518518518517,0.3
673357,Luis Robert Jr.,Chicago White Sox,2023,145,546,595,144,36,1,38,80,30,172,20,0.264,0.315,0.542,0.857,0.993103448275862,0.2620689655172414,0.28907563025210087
657757,Gavin Sheets,Chicago White Sox,2023,118,311,344,63,10,0,10,43,28,66,1,0.203,0.267,0.331,0.598,0.5338983050847458,0.0847457627118644,0.19186046511627908
672820,Lenyn Sosa,Chicago White Sox,2023,52,164,173,33,6,0,6,14,5,40,0,0.201,0.224,0.348,0.572,0.6346153846153846,0.11538461538461539,0.23121387283236994
572204,Trayce Thompson,Chicago White Sox,2023,72,153,179,25,2,0,6,17,24,77,2,0.163,0.285,0.294,0.579,0.3472222222222222,0.08333333333333333,0.4301675977653631
683734,Andrew Vaughn,Chicago White Sox,2023,152,566,615,146,30,2,21,80,36,129,0,0.258,0.314,0.429,0.743,0.9605263157894737,0.13815789473684212,0.2097560975609756
664874,Seby Zavala,Chicago White Sox,2023,66,161,176,25,3,0,7,16,10,68,1,0.155,0.207,0.304,0.511,0.3787878787878788,0.10606060606060606,0.38636363636363635
664874,Seby Zavala,Chicago White Sox,2023,73,175,193,30,4,0,7,18,12,70,1,0.171,0.23,0.314,0.544,0.410958904109589,0.0958904109589041,0.3626943005181347
650333,Luis Arraez,Miami Marlins,2023,147,574,617,203,30,3,10,69,35,34,3,0.354,0.393,0.469,0.862,1.380952380952381,0.06802721088435375,0.055105348460291734
605137,Josh Bell,Miami Marlins,2023,97,347,393,81,19,0,11,48,43,81,0,0.233,0.318,0.383,0.701,0.8350515463917526,0.1134020618556701,0.20610687022900764
605137,Josh Bell,Miami Marlins,2023,53,200,224,54,9,0,11,26,20,53,0,0.27,0.338,0.48,0.818,1.0188679245283019,0.20754716981132076,0.23660714285714285
605137,Josh Bell,Miami Marlins,2023,150,547,617,135,28,0,22,74,63,134,0,0.247,0.325,0.419,0.744,0.9,0.14666666666666667,0.2171799027552674
542932,Jon Berti,Miami Marlins,2023,133,388,424,114,16,3,7,33,29,77,16,0.294,0.344,0.405,0.749,0.8571428571428571,0.05263157894736842,0.18160377358490565
665862,Jazz Chisholm Jr.,Miami Marlins,2023,97,352,383,88,12,2,19,51,26,118,22,0.25,0.304,0.457,0.761,0.9072164948453608,0.1958762886597938,0.30809399477806787
650559,Bryan De La Cruz,Miami Marlins,2023,153,579,626,149,32,0,19,78,40,142,4,0.257,0.304,0.411,0.715,0.9738562091503268,0.12418300653594772,0.2268370607028754
663743,Nick Fortes,Miami Marlins,2023,108,294,323,60,10,0,6,26,17,59,4,0.204,0.263,0.299,0.562,0.5555555555555556,0.05555555555555555,0.1826625386996904
541645,Avisaíl García,Miami Marlins,2023,37,108,118,20,3,1,3,12,6,39,2,0.185,0.241,0.315,0.556,0.5405405405405406,0.08108108108108109,0.3305084745762712
493329,Yuli Gurriel,Miami Marlins,2023,108,298,329,73,16,3,4,27,26,44,4,0.245,0.304,0.359,0.663,0.6759259259259259,0.037037037037037035,0.1337386018237082
641658,Garrett Hampson,Miami Marlins,2023,98,221,252,61,12,1,3,23,23,67,5,0.276,0.349,0.38,0.729,0.6224489795918368,0.030612244897959183,0.26587301587301587
660821,Jesús Sánchez,Miami Marlins,2023,125,360,402,91,23,3,14,52,38,107,3,0.253,0.327,0.45,0.777,0.728,0.112,0.26616915422885573
516416,Jean Segura,Miami Marlins,2023,85,301,326,66,5,2,3,21,22,47,6,0.219,0.277,0.279,0.556,0.7764705882352941,0.03529411764705882,0.1441717791411043
624585,Jorge Soler,Miami Marlins,2023,137,504,580,126,24,0,36,75,66,141,1,0.25,0.341,0.512,0.853,0.9197080291970803,0.26277372262773724,0.24310344827586206
607732,Jacob Stallings,Miami Marlins,2023,89,241,276,46,14,0,3,20,27,67,0,0.191,0.278,0.286,0.564,0.5168539325842697,0.033707865168539325,0.2427536231884058
621563,Joey Wendle,Miami Marlins,2023,112,297,318,63,16,3,2,20,13,67,7,0.212,0.248,0.306,0.554,0.5625,0.017857142857142856,0.21069182389937108
664056,Harrison Bader,New York Yankees,2023,84,288,310,69,11,2,7,37,14,56,17,0.24,0.278,0.365,0.643,0.8214285714285714,0.08333333333333333,0.18064516129032257
664056,Harrison Bader,New York Yankees,2023,98,319,344,74,12,2,7,40,17,59,20,0.232,0.274,0.348,0.622,0.7551020408163265,0.07142857142857142,0.17151162790697674
641343,Jake Bauers,New York Yankees,2023,84,242,272,49,15,0,12,30,27,95,3,0.202,0.279,0.413,0.692,0.5833333333333334,0.14285714285714285,0.3492647058823529
665828,Oswaldo Cabrera,New York Yankees,2023,115,298,330,63,11,0,5,29,25,72,8,0.211,0.275,0.299,0.574,0.5478260869565217,0.043478260869565216,0.21818181818181817
641432,Willie Calhoun,New York Yankees,2023,44,134,149,32,7,0,5,16,14,20,0,0.239,0.309,0.403,0.712,0.7272727272727273,0.11363636363636363,0.1342281879194631
518626,Josh Donaldson,New York Yankees,2023,34,106,120,15,1,0,10,15,12,32,0,0.142,0.225,0.434,0.659,0.4411764705882353,0.29411764705882354,0.26666666666666666
518626,Josh Donaldson,New York Yankees,2023,51,165,189,25,5,0,13,26,22,50,0,0.152,0.249,0.418,0.667,0.49019607843137253,0.2549019607843137,0.26455026455026454
543305,Aaron Hicks,New York Yankees,2023,65,200,236,55,7,1,7,31,35,49,6,0.275,0.381,0.425,0.806,0.8461538461538461,0.1076923076923077,0.2076271186440678
543305,Aaron Hicks,New York Yankees,2023,93,269,312,68,9,1,8,36,42,69,6,0.253,0.353,0.383,0.736,0.7311827956989247,0.08602150537634409,0.22115384615384615
543309,Kyle Higashioka,New York Yankees,2023,92,242,260,57,13,0,10,34,14,74,0,0.236,0.274,0.413,0.687,0.6195652173913043,0.10869565217391304,0.2846153846153846
592450,Aaron Judge,New York Yankees,2023,106,367,458,98,16,0,37,75,88,130,3,0.267,0.406,0.613,10.019,0.9245283018867925,0.3490566037735849,0.2838427947598253
643396,Isiah Kiner-Falefa,New York Yankees,2023,115,326,361,79,12,1,6,37,28,70,14,0.242,0.306,0.34,0.646,0.6869565217391305,0.05217391304347826,0.19390581717451524
518934,DJ LeMahieu,New York Yankees,2023,136,497,562,121,22,3,15,44,60,125,2,0.243,0.327,0.39,0.717,0.8897058823529411,0.11029411764705882,0.22241992882562278
641856,Billy McKinney,New York Yankees,2023,48,128,147,29,3,1,6,14,17,39,1,0.227,0.32,0.406,0.726,0.6041666666666666,0.125,0.2653061224489796
672724,Oswald Peraza,New York Yankees,2023,52,173,191,33,8,0,2,14,13,50,4,0.191,0.267,0.272,0.539,0.6346153846153846,0.038461538461538464,0.2617801047120419
519203,Anthony Rizzo,New York Yankees,2023,99,373,421,91,14,0,12,41,35,97,0,0.244,0.328,0.378,0.706,0.9191919191919192,0.12121212121212122,0.23040380047505937
519317,Giancarlo Stanton,New York Yankees,2023,101,371,415,71,13,0,24,60,41,124,0,0.191,0.275,0.42,0.695,0.7029702970297029,0.2376237623762376,0.2987951807228916
650402,Gleyber Torres,New York Yankees,2023,158,596,672,163,28,2,25,68,67,98,13,0.273,0.347,0.453,0.8,1.0316455696202531,0.15822784810126583,0.14583333333333334
624431,Jose Trevino,New York Yankees,2023,55,157,168,33,4,0,4,15,8,22,0,0.21,0.257,0.312,0.569,0.6,0.07272727272727272,0.13095238095238096
683011,Anthony Volpe,New York Yankees,2023,159,541,601,113,23,4,21,60,52,167,24,0.209,0.283,0.383,0.666,0.710691823899371,0.1320754716981132,0.2778702163061564
642715,Willy Adames,Milwaukee Brewers,2023,149,553,638,120,29,2,24,80,71,165,5,0.217,0.31,0.407,0.717,0.8053691275167785,0.1610738255033557,0.25862068965517243
605119,Brian Anderson,Milwaukee Brewers,2023,96,318,361,72,12,3,9,40,36,108,1,0.226,0.31,0.368,0.678,0.75,0.09375,0.29916897506925205
592192,Mark Canha,Milwaukee Brewers,2023,89,257,303,63,15,1,6,29,32,52,7,0.245,0.343,0.381,0.724,0.7078651685393258,0.06741573033707865,0.1716171617161716
592192,Mark Canha,Milwaukee Brewers,2023,50,178,204,51,10,0,5,33,17,27,4,0.287,0.373,0.427,0.8,1.02,0.1,0.1323529411764706
592192,Mark Canha,Milwaukee Brewers,2023,139,435,507,114,25,1,11,62,49,79,11,0.262,0.355,0.4,0.755,0.8201438848920863,0.07913669064748201,0.15581854043392504
605170,Victor Caratini,Milwaukee Brewers,2023,62,201,226,52,4,0,7,25,19,45,1,0.259,0.327,0.383,0.71,0.8387096774193549,0.11290322580645161,0.19911504424778761
661388,William Contreras,Milwaukee Brewers,2023,141,540,611,156,38,1,17,78,63,126,6,0.289,0.367,0.457,0.824,1.1063829787234043,0.12056737588652482,0.20621931260229132
686217,Sal Frelick,Milwaukee Brewers,2023,57,191,223,47,9,1,3,24,28,37,7,0.246,0.341,0.351,0.692,0.8245614035087719,0.05263157894736842,0.16591928251121077
680911,Owen Miller,Milwaukee Brewers,2023,90,291,314,76,17,0,5,27,17,61,13,0.261,0.303,0.371,0.674,0.8444444444444444,0.05555555555555555,0.1942675159235669
655316,Andruw Monasterio,Milwaukee Brewers,2023,92,282,315,73,14,1,3,27,28,66,7,0.259,0.33,0.348,0.678,0.7934782608695652,0.03260869565217391,0.20952380952380953
663368,Blake Perkins,Milwaukee Brewers,2023,67,143,168,31,7,0,4,20,23,46,5,0.217,0.325,0.35,0.675,0.4626865671641791,0.05970149253731343,0.27380952380952384
621438,Tyrone Taylor,Milwaukee Brewers,2023,81,231,243,54,17,1,10,35,8,55,9,0.234,0.267,0.446,0.713,0.6666666666666666,0.12345679012345678,0.22633744855967078
642133,Rowdy Tellez,Milwaukee Brewers,2023,106,311,351,67,9,1,13,47,35,86,0,0.215,0.291,0.376,0.667,0.6320754716981132,0.12264150943396226,0.245014245014245
668930,Brice Turang,Milwaukee Brewers,2023,137,404,448,88,9,3,6,34,38,94,26,0.218,0.285,0.3,0.585,0.6423357664233577,0.043795620437956206,0.20982142857142858
649966,Luis Urías,Milwaukee Brewers,2023,52,144,177,28,6,0,3,18,21,41,0,0.194,0.337,0.299,0.636,0.5384615384615384,0.057692307692307696,0.23163841807909605
686894,Joey Wiemer,Milwaukee Brewers,2023,132,367,410,75,19,0,13,42,36,116,11,0.204,0.283,0.362,0.645,0.5681818181818182,0.09848484848484848,0.28292682926829266
608385,Jesse Winker,Milwaukee Brewers,2023,61,166,197,33,5,0,1,23,26,51,0,0.199,0.32,0.247,0.567,0.5409836065573771,0.01639344262295082,0.25888324873096447
592885,Christian Yelich,Milwaukee Brewers,2023,144,550,632,153,34,1,19,76,78,140,28,0.278,0.37,0.447,0.817,1.0625,0.13194444444444445,0.22151898734177214
543068,C.J. Cron,Los Angeles Angels,2023,56,208,224,54,12,0,11,32,13,50,0,0.26,0.304,0.476,0.78,0.9642857142857143,0.19642857142857142,0.22321428571428573
543068,C.J. Cron,Los Angeles Angels,2023,71,258,278,64,12,0,12,37,17,65,0,0.248,0.295,0.434,0.729,0.9014084507042254,0.16901408450704225,0.23381294964028776
592273,Brandon Drury,Los Angeles Angels,2023,125,485,523,127,30,3,26,83,25,136,0,0.262,0.306,0.497,0.803,1.016,0.208,0.26003824091778205
500871,Eduardo Escobar,Los Angeles Angels,2023,40,110,120,26,3,2,4,16,8,24,2,0.236,0.286,0.409,0.695,0.65,0.1,0.2
500871,Eduardo Escobar,Los Angeles Angels,2023,60,178,189,39,3,3,2,15,10,54,0,0.219,0.259,0.303,0.562,0.65,0.03333333333333333,0.2857142857142857
500871,Eduardo Escobar,Los Angeles Angels,2023,100,288,309,65,6,5,6,31,18,78,2,0.226,0.269,0.344,0.613,0.65,0.06,0.2524271844660194
545341,Randal Grichuk,Los Angeles Angels,2023,64,240,263,74,19,1,8,27,18,51,2,0.308,0.365,0.496,0.861,1.15625,0.125,0.19391634980988592
545341,Randal Grichuk,Los Angeles Angels,2023,54,194,208,42,12,1,8,17,11,45,0,0.216,0.264,0.412,0.676,0.7777777777777778,0.14814814814814814,0.21634615384615385
545341,Randal Grichuk,Los Angeles Angels,2023,118,434,471,116,31,2,16,44,29,96,2,0.267,0.321,0.459,0.78,0.9830508474576272,0.13559322033898305,0.20382165605095542
666160,Mickey Moniak,Los Angeles Angels,2023,85,311,323,87,21,2,14,45,9,113,6,0.28,0.307,0.495,0.802,1.0235294117647058,0.16470588235294117,0.3498452012383901
519058,Mike Moustakas,Los Angeles Angels,2023,47,115,136,31,7,0,4,17,17,34,0,0.27,0.36,0.435,0.795,0.6595744680851063,0.0851063829787234,0.25
519058,Mike Moustakas,Los Angeles Angels,2023,65,237,250,56,8,0,8,31,6,61,0,0.236,0.256,0.371,0.627,0.8615384615384616,0.12307692307692308,0.244
519058,Mike Moustakas,Los Angeles Angels,2023,112,352,386,87,15,0,12,48,23,95,0,0.247,0.293,0.392,0.685,0.7767857142857143,0.10714285714285714,0.24611398963730569
687263,Zach Neto,Los Angeles Angels,2023,84,289,329,65,17,0,9,34,20,77,5,0.225,0.308,0.377,0.685,0.7738095238095238,0.10714285714285714,0.23404255319148937
681351,Logan O'Hoppe,Los Angeles Angels,2023,51,182,199,43,6,0,14,29,14,48,0,0.236,0.296,0.5,0.796,0.8431372549019608,0.27450980392156865,0.24120603015075376
660271,Shohei Ohtani,Los Angeles Angels,2023,135,497,599,151,26,8,44,95,91,143,20,0.304,0.412,0.654,10.066,1.1185185185185185,0.32592592592592595,0.2387312186978297
543685,Anthony Rendon,Los Angeles Angels,2023,43,148,183,35,6,0,2,22,25,27,2,0.236,0.361,0.318,0.679,0.813953488372093,0.046511627906976744,0.14754098360655737
592669,Hunter Renfroe,Los Angeles Angels,2023,126,459,504,111,31,0,19,56,39,113,0,0.242,0.304,0.434,0.738,0.8809523809523809,0.15079365079365079,0.22420634920634921
592669,Hunter Renfroe,Los Angeles Angels,2023,140,498,548,116,31,0,20,60,44,125,0,0.233,0.297,0.416,0.713,0.8285714285714286,0.14285714285714285,0.2281021897810219
650859,Luis Rengifo,Los Angeles Angels,2023,126,394,445,104,15,4,16,51,41,82,6,0.264,0.339,0.444,0.783,0.8253968253968254,0.12698412698412698,0.1842696629213483
642136,Matt Thaiss,Los Angeles Angels,2023,95,262,307,56,6,0,9,31,36,83,2,0.214,0.319,0.34,0.659,0.5894736842105263,0.09473684210526316,0.2703583061889251
545361,Mike Trout,Los Angeles Angels,2023,82,308,362,81,14,1,18,44,45,104,2,0.263,0.367,0.49,0.857,0.9878048780487805,0.21951219512195122,0.287292817679558
570482,Gio Urshela,Los Angeles Angels,2023,62,214,228,64,8,1,2,24,10,36,3,0.299,0.329,0.374,0.703,1.032258064516129,0.03225806451612903,0.15789473684210525
595453,Chad Wallach,Los Angeles Angels,2023,65,157,172,31,5,1,7,15,13,57,0,0.197,0.259,0.376,0.635,0.47692307692307695,0.1076923076923077,0.3313953488372093
665120,Jared Walsh,Los Angeles Angels,2023,39,104,116,13,4,0,4,11,11,45,0,0.125,0.216,0.279,0.495,0.3333333333333333,0.10256410256410256,0.3879310344827586
621493,Taylor Ward,Los Angeles Angels,2023,97,356,409,90,18,0,14,47,39,80,4,0.253,0.335,0.421,0.756,0.9278350515463918,0.14432989690721648,0.19559902200489
605113,Nick Ahmed,Arizona Diamondbacks,2023,72,198,210,42,10,1,2,17,12,52,5,0.212,0.257,0.303,0.56,0.5833333333333334,0.027777777777777776,0.24761904761904763
682998,Corbin Carroll,Arizona Diamondbacks,2023,155,565,645,161,30,10,25,76,57,125,54,0.285,0.362,0.506,0.868,1.038709677419355,0.16129032258064516,0.1937984496124031
666971,Lourdes Gurriel Jr.,Arizona Diamondbacks,2023,145,551,592,144,35,2,24,82,33,103,5,0.261,0.309,0.463,0.772,0.993103448275862,0.16551724137931034,0.17398648648648649
645444,Jose Herrera,Arizona Diamondbacks,2023,43,101,120,21,5,0,0,7,13,30,1,0.208,0.296,0.257,0.553,0.4883720930232558,0.0,0.25
608348,Carson Kelly,Arizona Diamondbacks,2023,52,136,151,28,5,0,2,13,14,40,1,0.206,0.278,0.287,0.565,0.5384615384615384,0.038461538461538464,0.26490066225165565
446334,Evan Longoria,Arizona Diamondbacks,2023,74,211,237,47,9,0,11,28,23,73,0,0.223,0.295,0.422,0.717,0.6351351351351351,0.14864864864864866,0.3080168776371308
606466,Ketel Marte,Arizona Diamondbacks,2023,150,569,650,157,26,9,25,82,71,109,8,0.276,0.358,0.485,0.843,1.0466666666666666,0.16666666666666666,0.1676923076923077
664983,Jake McCarthy,Arizona Diamondbacks,2023,99,276,312,67,7,5,2,16,26,62,26,0.243,0.318,0.326,0.644,0.6767676767676768,0.020202020202020204,0.1987179487179487
672515,Gabriel Moreno,Arizona Diamondbacks,2023,111,341,380,97,19,1,7,50,29,75,6,0.284,0.339,0.408,0.747,0.8738738738738738,0.06306306306306306,0.19736842105263158
672695,Geraldo Perdomo,Arizona Diamondbacks,2023,144,407,495,100,20,4,6,47,64,86,16,0.246,0.353,0.359,0.712,0.6944444444444444,0.041666666666666664,0.17373737373737375
502054,Tommy Pham,Arizona Diamondbacks,2023,79,231,264,62,15,1,10,36,29,56,11,0.268,0.348,0.472,0.82,0.7848101265822784,0.12658227848101267,0.21212121212121213
502054,Tommy Pham,Arizona Diamondbacks,2023,50,195,217,47,12,2,6,32,18,50,11,0.241,0.304,0.415,0.719,0.94,0.12,0.2304147465437788
502054,Tommy Pham,Arizona Diamondbacks,2023,129,426,481,109,27,3,16,68,47,106,22,0.256,0.328,0.446,0.774,0.8449612403100775,0.12403100775193798,0.2203742203742204
656896,Emmanuel Rivera,Arizona Diamondbacks,2023,86,257,283,67,13,0,4,29,22,56,1,0.261,0.314,0.358,0.672,0.7790697674418605,0.046511627906976744,0.1978798586572438
656976,Pavin Smith,Arizona Diamondbacks,2023,69,191,228,36,5,0,7,30,35,45,1,0.188,0.317,0.325,0.642,0.5217391304347826,0.10144927536231885,0.19736842105263158
677950,Alek Thomas,Arizona Diamondbacks,2023,125,374,402,86,17,5,9,39,19,86,9,0.23,0.273,0.374,0.647,0.688,0.072,0.21393034825870647
572233,Christian Walker,Arizona Diamondbacks,2023,157,582,661,150,36,2,33,103,62,127,11,0.258,0.333,0.497,0.83,0.9554140127388535,0.21019108280254778,0.19213313161875945
624428,Adam Frazier,Baltimore Orioles,2023,141,412,455,99,21,2,13,60,32,68,11,0.24,0.3,0.396,0.696,0.7021276595744681,0.09219858156028368,0.14945054945054945
669720,Austin Hays,Baltimore Orioles,2023,144,520,566,143,36,2,16,67,38,141,5,0.275,0.325,0.444,0.769,0.9930555555555556,0.1111111111111111,0.24911660777385158
683002,Gunnar Henderson,Baltimore Orioles,2023,150,560,622,143,29,9,28,82,56,159,10,0.255,0.325,0.489,0.814,0.9533333333333334,0.18666666666666668,0.25562700964630225
622761,Jorge Mateo,Baltimore Orioles,2023,116,318,350,69,14,2,7,34,22,82,32,0.217,0.267,0.34,0.607,0.5948275862068966,0.0603448275862069,0.2342857142857143
543510,James McCann,Baltimore Orioles,2023,70,207,226,46,14,0,6,26,9,57,3,0.222,0.269,0.377,0.646,0.6571428571428571,0.08571428571428572,0.252212389380531
663630,Ryan McKenna,Baltimore Orioles,2023,89,122,139,31,7,0,2,18,9,40,5,0.254,0.316,0.361,0.677,0.34831460674157305,0.02247191011235955,0.28776978417266186
663624,Ryan Mountcastle,Baltimore Orioles,2023,115,423,470,114,21,1,18,68,37,107,3,0.27,0.328,0.452,0.78,0.991304347826087,0.1565217391304348,0.2276595744680851
656775,Cedric Mullins,Baltimore Orioles,2023,116,404,455,94,23,3,15,74,43,101,19,0.233,0.305,0.416,0.721,0.8103448275862069,0.12931034482758622,0.22197802197802197
656811,Ryan O'Hearn,Baltimore Orioles,2023,112,346,368,100,22,1,14,60,15,82,5,0.289,0.322,0.48,0.802,0.8928571428571429,0.125,0.22282608695652173
668939,Adley Rutschman,Baltimore Orioles,2023,154,588,687,163,31,1,20,80,92,101,1,0.277,0.374,0.435,0.809,1.0584415584415585,0.12987012987012986,0.1470160116448326
623993,Anthony Santander,Baltimore Orioles,2023,153,591,656,152,41,1,28,95,55,152,5,0.257,0.325,0.472,0.797,0.9934640522875817,0.1830065359477124,0.23170731707317074
602104,Ramón Urías,Baltimore Orioles,2023,116,360,396,95,22,3,4,42,27,101,3,0.264,0.328,0.375,0.703,0.8189655172413793,0.034482758620689655,0.255050505050505
676059,Jordan Westburg,Baltimore Orioles,2023,68,208,228,54,17,2,3,23,16,56,4,0.26,0.311,0.404,0.715,0.7941176470588235,0.04411764705882353,0.24561403508771928
624414,Christian Arroyo,Boston Red Sox,2023,66,195,206,47,16,0,3,24,7,45,1,0.241,0.268,0.369,0.637,0.7121212121212122,0.045454545454545456,0.21844660194174756
671213,Triston Casas,Boston Red Sox,2023,132,429,502,113,21,2,24,65,70,126,0,0.263,0.367,0.49,0.857,0.8560606060606061,0.18181818181818182,0.250996015936255
644374,Yu Chang,Boston Red Sox,2023,39,105,112,17,2,0,6,18,3,34,4,0.162,0.2,0.352,0.552,0.4358974358974359,0.15384615384615385,0.30357142857142855
646240,Rafael Devers,Boston Red Sox,2023,153,580,656,157,34,0,33,100,62,126,5,0.271,0.351,0.5,0.851,1.026143790849673,0.21568627450980393,0.19207317073170732
680776,Jarren Duran,Boston Red Sox,2023,102,332,362,98,34,2,8,40,24,90,24,0.295,0.346,0.482,0.828,0.9607843137254902,0.0784313725490196,0.24861878453038674
594807,Adam Duvall,Boston Red Sox,2023,92,320,353,79,24,2,21,58,22,110,4,0.247,0.303,0.531,0.834,0.8586956521739131,0.22826086956521738,0.311614730878187
571771,Enrique Hernández,Boston Red Sox,2023,86,297,323,66,11,0,6,31,22,68,3,0.222,0.279,0.32,0.599,0.7674418604651163,0.06976744186046512,0.21052631578947367
571771,Enrique Hernández,Boston Red Sox,2023,54,168,185,44,12,0,5,30,12,29,1,0.262,0.308,0.423,0.731,0.8148148148148148,0.09259259259259259,0.15675675675675677
571771,Enrique Hernández,Boston Red Sox,2023,140,465,508,110,23,0,11,61,34,97,4,0.237,0.289,0.357,0.646,0.7857142857142857,0.07857142857142857,0.19094488188976377
624512,Reese McGuire,Boston Red Sox,2023,72,187,206,50,12,1,1,16,11,53,2,0.267,0.31,0.358,0.668,0.6944444444444444,0.013888888888888888,0.25728155339805825
608701,Rob Refsnyder,Boston Red Sox,2023,89,202,243,50,9,1,1,28,33,47,7,0.248,0.365,0.317,0.682,0.5617977528089888,0.011235955056179775,0.1934156378600823
622569,Pablo Reyes,Boston Red Sox,2023,64,167,185,48,9,0,2,20,14,21,7,0.287,0.339,0.377,0.716,0.75,0.03125,0.11351351351351352
596115,Trevor Story,Boston Red Sox,2023,43,158,168,32,9,0,3,14,9,55,10,0.203,0.25,0.316,0.566,0.7441860465116279,0.06976744186046512,0.3273809523809524
457759,Justin Turner,Boston Red Sox,2023,146,558,626,154,31,0,23,96,51,110,4,0.276,0.345,0.455,0.8,1.0547945205479452,0.15753424657534246,0.1757188498402556
665839,Enmanuel Valdez,Boston Red Sox,2023,49,139,149,37,8,0,6,19,8,37,5,0.266,0.311,0.453,0.764,0.7551020408163265,0.12244897959183673,0.2483221476510067
657077,Alex Verdugo,Boston Red Sox,2023,142,546,602,144,37,5,13,54,45,93,5,0.264,0.324,0.421,0.745,1.0140845070422535,0.09154929577464789,0.15448504983388706
657136,Connor Wong,Boston Red Sox,2023,126,371,403,87,25,2,9,36,22,134,8,0.235,0.288,0.385,0.673,0.6904761904761905,0.07142857142857142,0.3325062034739454
807799,Masataka Yoshida,Boston Red Sox,2023,140,537,580,155,33,3,15,72,34,81,8,0.289,0.338,0.445,0.783,1.1071428571428572,0.10714285714285714,0.1396551724137931
665804,Miguel Amaya,Chicago Cubs,2023,53,131,156,28,4,0,5,18,12,40,0,0.214,0.329,0.359,0.688,0.5283018867924528,0.09433962264150944,0.2564102564102564
571466,Tucker Barnhart,Chicago Cubs,2023,47,109,123,22,3,0,1,9,12,42,1,0.202,0.285,0.257,0.542,0.46808510638297873,0.02127659574468085,0.34146341463414637
641355,Cody Bellinger,Chicago Cubs,2023,130,499,556,153,29,1,26,97,40,87,20,0.307,0.356,0.525,0.881,1.176923076923077,0.2,0.1564748201438849
600869,Jeimer Candelario,Chicago Cubs,2023,99,368,419,95,30,2,16,53,36,88,6,0.258,0.342,0.481,0.823,0.9595959595959596,0.16161616161616163,0.2100238663484487
600869,Jeimer Candelario,Chicago Cubs,2023,41,137,157,32,9,1,6,17,17,39,2,0.234,0.318,0.445,0.763,0.7804878048780488,0.14634146341463414,0.2484076433121019
600869,Jeimer Candelario,Chicago Cubs,2023,140,505,576,127,39,3,22,70,53,127,8,0.251,0.336,0.471,0.807,0.9071428571428571,0.15714285714285714,0.2204861111111111
543228,Yan Gomes,Chicago Cubs,2023,116,382,419,102,20,2,10,63,21,81,1,0.267,0.315,0.408,0.723,0.8793103448275862,0.08620689655172414,0.19331742243436753
664023,Ian Happ,Chicago Cubs,2023,158,580,691,144,35,4,21,84,99,153,14,0.248,0.36,0.431,0.791,0.9113924050632911,0.13291139240506328,0.22141823444283648
663538,Nico Hoerner,Chicago Cubs,2023,150,619,688,175,27,4,9,68,49,83,43,0.283,0.346,0.383,0.729,1.1666666666666667,0.06,0.12063953488372094
663611,Nick Madrigal,Chicago Cubs,2023,92,270,294,71,16,1,2,28,10,24,10,0.263,0.311,0.352,0.663,0.7717391304347826,0.021739130434782608,0.08163265306122448
641820,Trey Mancini,Chicago Cubs,2023,79,235,263,55,12,0,4,28,21,78,0,0.234,0.299,0.336,0.635,0.6962025316455697,0.05063291139240506,0.2965779467680608
670156,Miles Mastrobuoni,Chicago Cubs,2023,61,133,149,32,5,0,1,5,13,32,13,0.241,0.308,0.301,0.609,0.5245901639344263,0.01639344262295082,0.21476510067114093
666624,Christopher Morel,Chicago Cubs,2023,107,388,429,96,17,3,26,70,36,133,6,0.247,0.313,0.508,0.821,0.897196261682243,0.24299065420560748,0.31002331002331
673548,Seiya Suzuki,Chicago Cubs,2023,138,515,583,147,31,6,20,74,59,130,6,0.285,0.357,0.485,0.842,1.065217391304348,0.14492753623188406,0.22298456260720412
621020,Dansby Swanson,Chicago Cubs,2023,147,565,638,138,25,3,22,80,66,154,9,0.244,0.328,0.416,0.744,0.9387755102040817,0.14965986394557823,0.2413793103448276
643565,Mike Tauchman,Chicago Cubs,2023,108,337,401,85,18,0,8,48,56,86,7,0.252,0.363,0.377,0.74,0.7870370370370371,0.07407407407407407,0.2144638403990025
676369,Nelson Velázquez,Chicago Cubs,2023,40,133,147,31,4,0,14,28,11,43,0,0.233,0.299,0.579,0.878,0.775,0.35,0.2925170068027211
676369,Nelson Velázquez,Chicago Cubs,2023,53,162,179,38,6,0,17,34,14,51,0,0.235,0.302,0.586,0.888,0.7169811320754716,0.32075471698113206,0.2849162011173184
621550,Patrick Wisdom,Chicago Cubs,2023,97,268,302,55,8,1,23,46,30,111,4,0.205,0.289,0.5,0.789,0.5670103092783505,0.23711340206185566,0.3675496688741722
676480,José Barrero,Cincinnati Reds,2023,46,133,149,29,8,0,2,17,15,44,3,0.218,0.295,0.323,0.618,0.6304347826086957,0.043478260869565216,0.2953020134228188
666181,Will Benson,Cincinnati Reds,2023,108,287,329,79,15,8,11,31,40,103,19,0.275,0.365,0.498,0.863,0.7314814814814815,0.10185185185185185,0.3130699088145897
682829,Elly De La Cruz,Cincinnati Reds,2023,98,388,427,91,15,7,13,44,35,144,35,0.235,0.3,0.41,0.71,0.9285714285714286,0.1326530612244898,0.3372365339578454
687952,Christian Encarnacion-Strand,Cincinnati Reds,2023,63,222,241,60,7,0,13,37,14,69,2,0.27,0.328,0.477,0.805,0.9523809523809523,0.20634920634920634,0.2863070539419087
656413,Stuart Fairchild,Cincinnati Reds,2023,97,219,255,50,16,2,5,28,25,69,10,0.228,0.321,0.388,0.709,0.5154639175257731,0.05154639175257732,0.27058823529411763
641584,Jake Fraley,Cincinnati Reds,2023,111,336,380,86,18,0,15,65,37,71,21,0.256,0.339,0.443,0.782,0.7747747747747747,0.13513513513513514,0.1868421052631579
670770,TJ Friedl,Cincinnati Reds,2023,138,488,556,136,22,8,18,66,47,90,27,0.279,0.352,0.467,0.819,0.9855072463768116,0.13043478260869565,0.1618705035971223
663697,Jonathan India,Cincinnati Reds,2023,119,454,529,111,23,0,17,61,52,109,14,0.244,0.338,0.407,0.745,0.9327731092436975,0.14285714285714285,0.2060491493383743
571912,Luke Maile,Cincinnati Reds,2023,78,179,199,42,10,0,6,25,14,49,2,0.235,0.308,0.391,0.699,0.5384615384615384,0.07692307692307693,0.24623115577889448
682622,Noelvi Marte,Cincinnati Reds,2023,35,114,123,36,7,0,3,15,8,25,6,0.316,0.366,0.456,0.822,1.0285714285714285,0.08571428571428572,0.2032520325203252
680574,Matt McLain,Cincinnati Reds,2023,89,365,403,106,23,4,16,50,31,115,14,0.29,0.357,0.507,0.864,1.1910112359550562,0.1797752808988764,0.2853598014888337
571976,Wil Myers,Cincinnati Reds,2023,37,127,141,24,3,0,3,12,12,48,2,0.189,0.257,0.283,0.54,0.6486486486486487,0.08108108108108109,0.3404255319148936
621028,Kevin Newman,Cincinnati Reds,2023,74,225,253,57,16,0,3,28,17,34,8,0.253,0.311,0.364,0.675,0.7702702702702703,0.04054054054054054,0.13438735177865613
669222,Nick Senzel,Cincinnati Reds,2023,104,301,330,71,10,0,13,42,26,74,6,0.236,0.297,0.399,0.696,0.6826923076923077,0.125,0.22424242424242424
668715,Spencer Steer,Cincinnati Reds,2023,156,582,665,158,37,3,23,86,68,139,15,0.271,0.356,0.464,0.82,1.0128205128205128,0.14743589743589744,0.20902255639097744
663886,Tyler Stephenson,Cincinnati Reds,2023,142,465,517,113,20,2,13,56,47,135,0,0.243,0.317,0.378,0.695,0.795774647887324,0.09154929577464789,0.2611218568665377
458015,Joey Votto,Cincinnati Reds,2023,65,208,242,42,6,0,14,38,27,62,0,0.202,0.314,0.433,0.747,0.6461538461538462,0.2153846153846154,0.256198347107438
672356,Gabriel Arias,Cleveland Guardians,2023,122,315,345,66,15,0,10,26,28,113,3,0.21,0.275,0.352,0.627,0.5409836065573771,0.08196721311475409,0.32753623188405795
686823,Will Brennan,Cleveland Guardians,2023,138,432,455,115,24,0,5,41,16,57,13,0.266,0.299,0.356,0.655,0.8333333333333334,0.036231884057971016,0.12527472527472527
594777,Kole Calhoun,Cleveland Guardians,2023,43,157,174,34,7,0,6,25,13,37,0,0.217,0.282,0.376,0.658,0.7906976744186046,0.13953488372093023,0.21264367816091953
671289,Tyler Freeman,Cleveland Guardians,2023,64,153,168,37,7,0,4,18,10,30,5,0.242,0.295,0.366,0.661,0.578125,0.0625,0.17857142857142858
681807,David Fry,Cleveland Guardians,2023,58,101,113,24,6,0,4,15,8,30,2,0.238,0.319,0.416,0.735,0.41379310344827586,0.06896551724137931,0.26548672566371684
595956,Cam Gallagher,Cleveland Guardians,2023,56,143,149,18,6,0,0,7,4,46,0,0.126,0.154,0.168,0.322,0.32142857142857145,0.0,0.3087248322147651
665926,Andrés Giménez,Cleveland Guardians,2023,153,557,616,140,27,5,15,62,32,112,30,0.251,0.314,0.399,0.713,0.9150326797385621,0.09803921568627451,0.18181818181818182
660757,Oscar Gonzalez,Cleveland Guardians,2023,54,173,180,37,7,2,2,12,5,46,0,0.214,0.239,0.312,0.551,0.6851851851851852,0.037037037037037035,0.25555555555555554
606992,Eric Haase,Cleveland Guardians,2023,86,264,282,53,8,1,4,26,16,78,3,0.201,0.246,0.284,0.53,0.6162790697674418,0.046511627906976744,0.2765957446808511
606992,Eric Haase,Cleveland Guardians,2023,89,274,293,55,8,1,4,26,17,81,4,0.201,0.247,0.281,0.528,0.6179775280898876,0.0449438202247191,0.2764505119453925
680757,Steven Kwan,Cleveland Guardians,2023,158,638,718,171,36,7,5,54,70,75,21,0.268,0.34,0.37,0.71,1.0822784810126582,0.03164556962025317,0.10445682451253482
666310,Bo Naylor,Cleveland Guardians,2023,67,198,230,47,13,0,11,32,30,53,5,0.237,0.339,0.47,0.809,0.7014925373134329,0.16417910447761194,0.23043478260869565
647304,Josh Naylor,Cleveland Guardians,2023,121,452,495,139,31,0,17,97,33,68,10,0.308,0.354,0.489,0.843,1.1487603305785123,0.14049586776859505,0.13737373737373737
608070,José Ramírez,Cleveland Guardians,2023,156,611,691,172,36,5,24,80,73,73,28,0.282,0.356,0.475,0.831,1.1025641025641026,0.15384615384615385,0.10564399421128799
642708,Amed Rosario,Cleveland Guardians,2023,94,385,412,102,19,6,3,40,22,77,9,0.265,0.306,0.369,0.675,1.0851063829787233,0.031914893617021274,0.18689320388349515
642708,Amed Rosario,Cleveland Guardians,2023,48,125,133,32,6,2,3,18,7,22,6,0.256,0.301,0.408,0.709,0.6666666666666666,0.0625,0.16541353383458646
642708,Amed Rosario,Cleveland Guardians,2023,142,510,545,134,25,8,6,58,29,99,15,0.263,0.305,0.378,0.683,0.9436619718309859,0.04225352112676056,0.181651376146789
664702,Myles Straw,Cleveland Guardians,2023,147,462,518,110,18,3,1,29,42,97,20,0.238,0.301,0.297,0.598,0.7482993197278912,0.006802721088435374,0.18725868725868725
572287,Mike Zunino,Cleveland Guardians,2023,42,124,140,22,7,0,3,11,15,61,0,0.177,0.271,0.306,0.577,0.5238095238095238,0.07142857142857142,0.4357142857142857
453568,Charlie Blackmon,Colorado Rockies,2023,96,359,413,100,24,5,8,40,39,55,4,0.279,0.363,0.44,0.803,1.0416666666666667,0.08333333333333333,0.13317191283292978
592178,Kris Bryant,Colorado Rockies,2023,80,300,335,70,10,0,10,31,29,68,0,0.233,0.313,0.367,0.68,0.875,0.125,0.20298507462686566
605612,Harold Castro,Colorado Rockies,2023,99,258,270,65,13,0,1,31,9,66,1,0.252,0.275,0.314,0.589,0.6565656565656566,0.010101010101010102,0.24444444444444444
553869,Elias Díaz,Colorado Rockies,2023,141,486,526,130,25,1,14,72,34,118,1,0.267,0.316,0.409,0.725,0.9219858156028369,0.09929078014184398,0.22433460076045628
686668,Brenton Doyle,Colorado Rockies,2023,126,399,431,81,16,5,10,48,22,151,22,0.203,0.25,0.343,0.593,0.6428571428571429,0.07936507936507936,0.3503480278422274
666134,Nolan Jones,Colorado Rockies,2023,106,367,424,109,22,4,20,62,53,126,20,0.297,0.389,0.542,0.931,1.028301886792453,0.18867924528301888,0.2971698113207547
641857,Ryan McMahon,Colorado Rockies,2023,152,555,627,133,31,3,23,70,68,198,5,0.24,0.322,0.431,0.753,0.875,0.1513157894736842,0.3157894736842105
660707,Elehuris Montero,Colorado Rockies,2023,85,284,307,69,15,2,11,39,15,111,0,0.243,0.29,0.426,0.716,0.8117647058823529,0.12941176470588237,0.36156351791530944
663898,Brendan Rodgers,Colorado Rockies,2023,46,178,192,46,9,1,4,20,11,41,0,0.258,0.313,0.388,0.701,1.0,0.08695652173913043,0.21354166666666666
669911,Michael Toglia,Colorado Rockies,2023,45,141,152,23,5,0,4,9,10,50,1,0.163,0.224,0.284,0.508,0.5111111111111111,0.08888888888888889,0.32894736842105265
678662,Ezequiel Tovar,Colorado Rockies,2023,153,581,615,147,37,4,15,73,25,166,11,0.253,0.287,0.408,0.695,0.9607843137254902,0.09803921568627451,0.26991869918699185
676701,Alan Trejo,Colorado Rockies,2023,83,207,227,48,11,0,4,26,16,51,5,0.232,0.288,0.343,0.631,0.5783132530120482,0.04819277108433735,0.22466960352422907
668731,Akil Baddoo,Detroit Tigers,2023,112,312,357,68,13,1,11,34,42,89,14,0.218,0.31,0.372,0.682,0.6071428571428571,0.09821428571428571,0.24929971988795518
595879,Javier Báez,Detroit Tigers,2023,136,510,547,113,18,4,9,59,24,125,12,0.222,0.267,0.325,0.592,0.8308823529411765,0.0661764705882353,0.22851919561243145
408234,Miguel Cabrera,Detroit Tigers,2023,98,334,370,86,20,0,4,34,31,74,0,0.257,0.322,0.353,0.675,0.8775510204081632,0.04081632653061224,0.2
681481,Kerry Carpenter,Detroit Tigers,2023,118,418,459,116,17,2,20,64,32,115,6,0.278,0.34,0.471,0.811,0.9830508474576272,0.1694915254237288,0.25054466230936817
682985,Riley Greene,Detroit Tigers,2023,99,378,416,109,19,4,11,37,35,114,7,0.288,0.349,0.447,0.796,1.101010101010101,0.1111111111111111,0.27403846153846156
628451,Andy Ibáñez,Detroit Tigers,2023,114,356,383,94,23,2,11,41,24,69,1,0.264,0.312,0.433,0.745,0.8245614035087719,0.09649122807017543,0.1801566579634465
665155,Nick Maton,Detroit Tigers,2023,93,249,293,43,9,0,8,32,38,73,1,0.173,0.288,0.305,0.593,0.46236559139784944,0.08602150537634409,0.24914675767918087
656716,Zach McKinstry,Detroit Tigers,2023,148,464,518,107,21,4,9,35,44,113,16,0.231,0.302,0.351,0.653,0.722972972972973,0.060810810810810814,0.21814671814671815
678009,Parker Meadows,Detroit Tigers,2023,37,125,145,29,4,2,3,13,17,37,8,0.232,0.331,0.368,0.699,0.7837837837837838,0.08108108108108109,0.25517241379310346
668670,Jake Rogers,Detroit Tigers,2023,107,331,365,73,11,0,21,49,28,118,1,0.221,0.286,0.444,0.73,0.6822429906542056,0.19626168224299065,0.3232876712328767
570731,Jonathan Schoop,Detroit Tigers,2023,55,136,151,29,8,0,0,7,13,37,0,0.213,0.278,0.272,0.55,0.5272727272727272,0.0,0.24503311258278146
670097,Zack Short,Detroit Tigers,2023,112,221,253,45,9,0,7,33,28,66,5,0.204,0.292,0.339,0.631,0.4017857142857143,0.0625,0.2608695652173913
679529,Spencer Torkelson,Detroit Tigers,2023,159,606,684,141,34,1,31,94,67,171,3,0.233,0.313,0.446,0.759,0.8867924528301887,0.1949685534591195,0.25
663837,Matt Vierling,Detroit Tigers,2023,134,479,530,125,21,5,10,44,44,112,6,0.261,0.329,0.388,0.717,0.9328358208955224,0.07462686567164178,0.21132075471698114
547989,José Abreu,Houston Astros,2023,141,540,594,128,23,1,18,90,42,130,0,0.237,0.296,0.383,0.679,0.9078014184397163,0.1276595744680851,0.21885521885521886
514888,Jose Altuve,Houston Astros,2023,90,360,410,112,21,2,17,51,44,71,14,0.311,0.393,0.522,0.915,1.2444444444444445,0.18888888888888888,0.17317073170731706
670541,Yordan Alvarez,Houston Astros,2023,114,410,496,120,24,1,31,97,69,92,0,0.293,0.407,0.583,0.99,1.0526315789473684,0.2719298245614035,0.18548387096774194
608324,Alex Bregman,Houston Astros,2023,161,622,724,163,28,4,25,98,92,87,3,0.262,0.363,0.441,0.804,1.0124223602484472,0.15527950310559005,0.12016574585635359
673237,Yainer Diaz,Houston Astros,2023,104,355,377,100,22,0,23,60,11,74,0,0.282,0.308,0.538,0.846,0.9615384615384616,0.22115384615384615,0.1962864721485411
643289,Mauricio Dubón,Houston Astros,2023,132,467,492,130,26,3,10,46,19,70,7,0.278,0.309,0.411,0.72,0.9848484848484849,0.07575757575757576,0.14227642276422764
667452,Corey Julks,Houston Astros,2023,93,298,323,73,14,0,6,33,22,75,15,0.245,0.297,0.352,0.649,0.7849462365591398,0.06451612903225806,0.23219814241486067
455117,Martín Maldonado,Houston Astros,2023,117,362,407,69,12,0,15,36,30,139,0,0.191,0.258,0.348,0.606,0.5897435897435898,0.1282051282051282,0.3415233415233415
676801,Chas McCormick,Houston Astros,2023,115,403,457,110,17,2,22,70,40,117,19,0.273,0.353,0.489,0.842,0.9565217391304348,0.19130434782608696,0.25601750547045954
676694,Jake Meyers,Houston Astros,2023,112,309,341,70,16,1,10,33,26,88,5,0.227,0.296,0.382,0.678,0.625,0.08928571428571429,0.25806451612903225
665161,Jeremy Peña,Houston Astros,2023,150,577,634,152,32,3,10,52,43,129,13,0.263,0.324,0.381,0.705,1.0133333333333334,0.06666666666666667,0.20347003154574134
663656,Kyle Tucker,Houston Astros,2023,157,574,674,163,37,5,29,112,80,92,30,0.284,0.369,0.517,0.886,1.0382165605095541,0.18471337579617833,0.13649851632047477
680118,Dairon Blanco,Kansas City Royals,2023,69,124,138,32,7,4,3,18,10,33,24,0.258,0.324,0.452,0.776,0.463768115942029,0.043478260869565216,0.2391304347826087
598265,Jackie Bradley Jr.,Kansas City Royals,2023,43,105,113,14,5,0,1,6,5,29,0,0.133,0.188,0.21,0.398,0.32558139534883723,0.023255813953488372,0.25663716814159293
622110,Matt Duffy,Kansas City Royals,2023,79,191,209,48,8,0,2,16,12,39,1,0.251,0.306,0.325,0.631,0.6075949367088608,0.02531645569620253,0.18660287081339713
666023,Freddy Fermin,Kansas City Royals,2023,70,217,235,61,10,1,9,32,13,50,0,0.281,0.321,0.461,0.782,0.8714285714285714,0.12857142857142856,0.2127659574468085
672580,Maikel Garcia,Kansas City Royals,2023,123,464,515,126,20,4,4,50,38,115,23,0.272,0.323,0.358,0.681,1.024390243902439,0.032520325203252036,0.22330097087378642
664728,Kyle Isbel,Kansas City Royals,2023,91,292,313,70,22,2,5,34,17,59,7,0.24,0.282,0.38,0.662,0.7692307692307693,0.054945054945054944,0.18849840255591055
686681,Michael Massey,Kansas City Royals,2023,129,428,461,98,18,1,15,55,24,99,6,0.229,0.274,0.381,0.655,0.7596899224806202,0.11627906976744186,0.21475054229934923
669004,MJ Melendez,Kansas City Royals,2023,148,533,602,125,29,5,16,56,62,170,6,0.235,0.316,0.398,0.714,0.8445945945945946,0.10810810810810811,0.2823920265780731
658668,Edward Olivares,Kansas City Royals,2023,107,354,385,93,23,4,12,36,22,64,11,0.263,0.317,0.452,0.769,0.8691588785046729,0.11214953271028037,0.16623376623376623
686469,Vinnie Pasquantino,Kansas City Royals,2023,61,231,260,57,17,0,9,26,25,31,0,0.247,0.324,0.437,0.761,0.9344262295081968,0.14754098360655737,0.11923076923076924
521692,Salvador Perez,Kansas City Royals,2023,140,538,580,137,21,0,23,80,19,135,0,0.255,0.292,0.422,0.714,0.9785714285714285,0.16428571428571428,0.23275862068965517
668472,Nick Pratto,Kansas City Royals,2023,95,306,345,71,16,0,7,35,29,138,1,0.232,0.307,0.353,0.66,0.7473684210526316,0.07368421052631578,0.4
671221,Drew Waters,Kansas City Royals,2023,98,302,337,69,11,5,8,32,27,107,16,0.228,0.3,0.377,0.677,0.7040816326530612,0.08163265306122448,0.31750741839762614
677951,Bobby Witt Jr.,Kansas City Royals,2023,158,641,694,177,28,11,30,96,40,121,49,0.276,0.319,0.495,0.814,1.120253164556962,0.189873417721519,0.17435158501440923
605131,Austin Barnes,Los Angeles Dodgers,2023,59,178,200,32,5,0,2,11,17,43,2,0.18,0.256,0.242,0.498,0.5423728813559322,0.03389830508474576,0.215
605141,Mookie Betts,Los Angeles Dodgers,2023,152,584,693,179,40,1,39,107,96,107,14,0.307,0.408,0.579,0.987,1.1776315789473684,0.2565789473684211,0.1544011544011544
518692,Freddie Freeman,Los Angeles Dodgers,2023,161,637,730,211,59,2,29,102,72,121,23,0.331,0.41,0.567,0.977,1.31055900621118,0.18012422360248448,0.16575342465753426
518792,Jason Heyward,Los Angeles Dodgers,2023,124,334,377,90,23,0,15,40,34,64,2,0.269,0.34,0.473,0.813,0.7258064516129032,0.12096774193548387,0.16976127320954906
502110,J.D. Martinez,Los Angeles Dodgers,2023,113,432,479,117,27,2,33,103,34,149,1,0.271,0.321,0.572,0.893,1.0353982300884956,0.2920353982300885,0.31106471816283926
571970,Max Muncy,Los Angeles Dodgers,2023,135,482,579,102,17,1,36,105,85,153,1,0.212,0.333,0.475,0.808,0.7555555555555555,0.26666666666666666,0.26424870466321243
681546,James Outman,Los Angeles Dodgers,2023,151,483,567,120,16,3,23,70,68,181,16,0.248,0.353,0.437,0.79,0.7947019867549668,0.152317880794702,0.31922398589065254
444482,David Peralta,Los Angeles Dodgers,2023,133,394,422,102,25,1,7,55,20,72,4,0.259,0.294,0.381,0.675,0.7669172932330827,0.05263157894736842,0.17061611374407584
500743,Miguel Rojas,Los Angeles Dodgers,2023,125,385,423,91,16,1,5,31,26,48,8,0.236,0.29,0.322,0.612,0.728,0.04,0.11347517730496454
669257,Will Smith,Los Angeles Dodgers,2023,126,464,554,121,21,2,19,76,63,89,3,0.261,0.359,0.438,0.797,0.9603174603174603,0.15079365079365079,0.16064981949458484
621035,Chris Taylor,Los Angeles Dodgers,2023,117,338,384,80,15,1,15,56,41,125,16,0.237,0.326,0.42,0.746,0.6837606837606838,0.1282051282051282,0.3255208333333333
678246,Miguel Vargas,Los Angeles Dodgers,2023,81,256,304,50,15,4,7,32,38,61,3,0.195,0.305,0.367,0.672,0.6172839506172839,0.08641975308641975,0.20065789473684212
682928,CJ Abrams,Washington Nationals,2023,151,563,614,138,28,6,18,64,32,118,47,0.245,0.3,0.412,0.712,0.9139072847682119,0.11920529801324503,0.19218241042345277
656180,Riley Adams,Washington Nationals,2023,44,143,158,39,13,2,4,21,11,45,0,0.273,0.331,0.476,0.807,0.8863636363636364,0.09090909090909091,0.2848101265822785
666906,Jake Alu,Washington Nationals,2023,51,159,175,36,2,1,2,16,10,42,5,0.226,0.282,0.289,0.571,0.7058823529411765,0.0392156862745098,0.24
669743,Alex Call,Washington Nationals,2023,128,375,439,75,14,1,8,38,53,78,9,0.2,0.307,0.307,0.614,0.5859375,0.0625,0.1776765375854214
572816,Corey Dickerson,Washington Nationals,2023,50,144,152,36,7,1,2,17,7,28,0,0.25,0.283,0.354,0.637,0.72,0.04,0.18421052631578946
671277,Luis García Jr.,Washington Nationals,2023,122,447,482,119,18,4,9,50,27,60,9,0.266,0.304,0.385,0.689,0.9754098360655737,0.07377049180327869,0.12448132780082988
656448,Stone Garrett,Washington Nationals,2023,89,234,271,63,17,0,9,40,26,82,3,0.269,0.343,0.457,0.8,0.7078651685393258,0.10112359550561797,0.3025830258302583
608841,Joey Meneses,Washington Nationals,2023,154,611,657,168,36,1,13,89,38,130,0,0.275,0.321,0.401,0.722,1.0909090909090908,0.08441558441558442,0.197869101978691
645302,Victor Robles,Washington Nationals,2023,36,107,126,32,5,1,0,8,11,18,8,0.299,0.385,0.364,0.749,0.8888888888888888,0.0,0.14285714285714285
660688,Keibert Ruiz,Washington Nationals,2023,136,523,562,136,24,0,18,67,31,58,1,0.26,0.308,0.409,0.717,1.0,0.1323529411764706,0.10320284697508897
642086,Dominic Smith,Washington Nationals,2023,153,527,586,134,21,1,12,46,47,91,1,0.254,0.326,0.366,0.692,0.8758169934640523,0.0784313725490196,0.1552901023890785
657041,Lane Thomas,Washington Nationals,2023,157,628,682,168,36,3,28,86,36,176,20,0.268,0.315,0.468,0.783,1.070063694267516,0.17834394904458598,0.25806451612903225
545121,Ildemaro Vargas,Washington Nationals,2023,86,262,286,66,13,2,4,31,19,20,1,0.252,0.304,0.363,0.667,0.7674418604651163,0.046511627906976744,0.06993006993006994
696285,Jacob Young,Washington Nationals,2023,33,107,121,27,7,1,0,12,10,22,13,0.252,0.322,0.336,0.658,0.8181818181818182,0.0,0.18181818181818182
624413,Pete Alonso,New York Mets,2023,154,568,658,123,21,2,46,118,65,151,4,0.217,0.318,0.504,0.822,0.7987012987012987,0.2987012987012987,0.22948328267477203
682626,Francisco Alvarez,New York Mets,2023,123,382,423,80,12,0,25,63,34,110,2,0.209,0.284,0.437,0.721,0.6504065040650406,0.2032520325203252,0.26004728132387706
683146,Brett Baty,New York Mets,2023,108,353,389,75,12,0,9,34,29,109,2,0.212,0.275,0.323,0.598,0.6944444444444444,0.08333333333333333,0.2802056555269923
641645,Luis Guillorme,New York Mets,2023,54,107,120,24,6,1,1,9,10,28,0,0.224,0.288,0.327,0.615,0.4444444444444444,0.018518518518518517,0.23333333333333334
596019,Francisco Lindor,New York Mets,2023,160,602,687,153,33,2,31,98,66,137,31,0.254,0.336,0.47,0.806,0.95625,0.19375,0.19941775836972345
516782,Starling Marte,New York Mets,2023,86,315,341,78,7,1,5,28,16,69,24,0.248,0.301,0.324,0.625,0.9069767441860465,0.05813953488372093,0.20234604105571846
643446,Jeff McNeil,New York Mets,2023,156,585,648,158,25,4,10,55,39,65,10,0.27,0.333,0.378,0.711,1.0128205128205128,0.0641025641025641,0.10030864197530864
553882,Omar Narváez,New York Mets,2023,49,128,146,27,5,0,2,7,14,27,0,0.211,0.283,0.297,0.58,0.5510204081632653,0.04081632653061224,0.18493150684931506
607043,Brandon Nimmo,New York Mets,2023,152,592,682,162,30,6,24,68,74,146,3,0.274,0.363,0.466,0.829,1.0657894736842106,0.15789473684210525,0.21407624633431085
542364,Rafael Ortega,New York Mets,2023,47,114,136,25,3,0,1,8,20,33,6,0.219,0.341,0.272,0.613,0.5319148936170213,0.02127659574468085,0.2426470588235294
621466,DJ Stewart,New York Mets,2023,58,160,185,39,9,0,11,26,15,56,1,0.244,0.333,0.506,0.839,0.6724137931034483,0.1896551724137931,0.3027027027027027
668901,Mark Vientos,New York Mets,2023,65,218,233,46,5,1,9,22,10,71,1,0.211,0.253,0.367,0.62,0.7076923076923077,0.13846153846153847,0.30472103004291845
596129,Daniel Vogelbach,New York Mets,2023,104,275,319,64,8,0,13,48,42,81,0,0.233,0.339,0.404,0.743,0.6153846153846154,0.125,0.25391849529780564
